chrom,SNP_region_start,SNP_region_end,SNP_ref,SNP_alt,CPG_region_start,CPG_region_end,effect_size,se
chr1,165842492,165842492,C,T,165842747.0,165842747.0,1.21802,0.0429026
chr7,135167647,135167647,G,A,135164881.0,135164881.0,1.29211,0.0453566
chr11,74452126,74452126,C,A,74455271.0,74455271.0,-1.27551,0.0500446
chr8,11862718,11862718,G,C,11862854.0,11862854.0,1.23934,0.0486269
chr12,89281022,89281022,T,C,89281225.0,89281225.0,1.18307,0.0551271
chr4,99144358,99144358,T,G,99144395.0,99144395.0,1.00386,0.0453742
chr2,46645906,46645906,T,C,46645864.0,46645864.0,1.33566,0.0642446
chr20,15141367,15141367,T,C,15144949.0,15144949.0,-1.28974,0.0578107
chr2,241817974,241817974,G,A,241821797.0,241821797.0,-1.15651,0.0497457
chr20,50871312,50871312,A,C,50873002.0,50873002.0,1.04282,0.052605
chr1,119622417,119622417,T,C,119622680.0,119622680.0,1.28327,0.0670091
chr4,56655159,56655159,T,C,56657660.0,56657660.0,-1.28185,0.0608956
chr10,126137533,126137533,A,G,126134549.0,126134549.0,1.14614,0.0609381
chr9,36154681,36154681,A,C,36154753.0,36154753.0,1.06221,0.0546518
chr13,100600381,100600381,C,T,100602656.0,100602656.0,-1.03445,0.0547554
chr1,100538206,100538206,C,A,100538368.0,100538368.0,1.24577,0.0702205
chr16,370678,370678,C,T,371049.0,371049.0,1.25877,0.0614964
chr19,18049548,18049548,A,C,18049491.0,18049491.0,1.02875,0.0564607
chr10,106993748,106993748,G,A,106992182.0,106992182.0,1.30552,0.0650037
chr2,11748693,11748693,C,T,11748627.0,11748627.0,1.2736,0.068458
chr18,79683046,79683046,C,T,79689259.0,79689259.0,1.17122,0.0604045
chr2,9174672,9174672,A,G,9175298.0,9175298.0,-1.32037,0.0743108
chr1,100538206,100538206,C,A,100538132.0,100538132.0,1.18832,0.0620141
chr15,85483536,85483536,T,G,85477957.0,85477957.0,-1.17735,0.0603137
chr13,60145380,60145380,A,G,60148950.0,60148950.0,-1.22001,0.0633938
chr19,13619444,13619444,T,C,13621597.0,13621597.0,1.32753,0.0703697
chr15,89068326,89068326,A,G,89070329.0,89070329.0,1.17495,0.0644798
chr18,49045766,49045766,G,A,49045864.0,49045864.0,1.02974,0.056814
chr15,73647717,73647717,T,C,73647860.0,73647860.0,1.30198,0.0720782
chr18,63112966,63112966,G,A,63112852.0,63112852.0,-1.07025,0.0595081
chr2,132400270,132400270,T,C,132400312.0,132400312.0,1.15955,0.0677534
chr7,157846098,157846098,C,G,157850315.0,157850315.0,1.33167,0.076593
chr9,82725175,82725175,G,A,82726892.0,82726892.0,1.22,0.0737263
chr2,171317640,171317640,A,G,171326409.0,171326409.0,-1.52453,0.0873048
chr14,103800007,103800007,G,A,103806848.0,103806848.0,-1.27429,0.07519
chr17,81192303,81192303,T,C,81197330.0,81197330.0,-1.10832,0.0607779
chr4,76277418,76277418,G,A,76279679.0,76279679.0,1.32271,0.0760667
chr1,156892364,156892364,T,C,156893331.0,156893331.0,1.09417,0.0655124
chr10,28492438,28492438,G,A,28492708.0,28492708.0,-1.39765,0.075723
chr7,135170973,135170973,G,C,135171792.0,135171792.0,1.23465,0.0691402
chr6,159829675,159829675,G,A,159829955.0,159829955.0,1.56512,0.08682
chr1,89276834,89276834,C,T,89277003.0,89277003.0,-1.17589,0.0746432
chr8,90464537,90464537,A,G,90467881.0,90467881.0,1.21982,0.0749789
chr17,6653219,6653219,G,C,6655496.0,6655496.0,1.43227,0.0777372
chr16,87368655,87368655,G,C,87368517.0,87368517.0,1.22495,0.066727
chr12,96910353,96910353,C,T,96910658.0,96910658.0,1.13005,0.0667046
chr5,122073485,122073485,G,C,122079328.0,122079328.0,1.12369,0.0642559
chr16,28264921,28264921,G,A,28264933.0,28264933.0,-1.26784,0.0784878
chr2,239192672,239192672,C,T,239192710.0,239192710.0,-1.28239,0.0756877
chr2,239192672,239192672,C,T,239192602.0,239192602.0,-1.26661,0.0747137
chr7,3118068,3118068,A,G,3118088.0,3118088.0,-1.29369,0.075076
chr20,5593013,5593013,A,G,5593716.0,5593716.0,1.13822,0.0695295
chr10,132237254,132237254,T,C,132232105.0,132232105.0,-1.32652,0.0775666
chr16,2973604,2973604,A,G,2973521.0,2973521.0,-1.10018,0.066849
chr17,50547162,50547162,A,C,50547827.0,50547827.0,1.13146,0.0677532
chr1,19068230,19068230,C,T,19068263.0,19068263.0,1.29334,0.0728641
chr11,57391716,57391716,T,C,57391701.0,57391701.0,-1.33442,0.0788681
chr9,89962280,89962280,T,C,89964703.0,89964703.0,1.34395,0.0762987
chr19,10286455,10286455,G,A,10286355.0,10286355.0,-1.26751,0.0730298
chr2,42058502,42058502,G,A,42060237.0,42060237.0,1.19764,0.0643946
chr18,58671065,58671065,T,C,58671066.0,58671066.0,0.930276,0.0554057
chr13,49838937,49838937,T,C,49840332.0,49840332.0,-1.20579,0.0750288
chr3,134925675,134925675,A,G,134928936.0,134928936.0,-1.15613,0.0694132
chr20,1940877,1940877,C,A,1940875.0,1940875.0,-1.2971,0.0768739
chr12,96910353,96910353,C,T,96910634.0,96910634.0,1.14619,0.0694342
chr7,824752,824752,A,G,824774.0,824774.0,1.36602,0.0811778
chr2,231673517,231673517,C,T,231673575.0,231673575.0,1.23441,0.0706206
chr9,136533458,136533458,C,T,136532719.0,136532719.0,1.22426,0.0748022
chr3,138116190,138116190,A,G,138116169.0,138116169.0,0.924971,0.056766
chr14,65106720,65106720,C,G,65107774.0,65107774.0,-1.2659,0.0692755
chr2,102726775,102726775,G,C,102726962.0,102726962.0,1.18952,0.0736702
chr5,122073485,122073485,G,C,122076489.0,122076489.0,1.14094,0.069702
chr17,560603,560603,A,G,560345.0,560345.0,-0.911514,0.0562129
chr7,148905491,148905491,G,A,148905501.0,148905501.0,1.08336,0.0677184
chr17,30117165,30117165,A,C,30117170.0,30117170.0,1.38255,0.0952448
chr15,29595893,29595893,T,A,29596429.0,29596429.0,-1.12557,0.0736964
chr2,128313328,128313328,C,T,128318820.0,128318820.0,1.13562,0.0697674
chr12,2478039,2478039,T,A,2482316.0,2482316.0,1.0597,0.0635918
chr9,37061961,37061961,A,G,37062053.0,37062053.0,1.34869,0.0828042
chr1,100538206,100538206,C,A,100538078.0,100538078.0,1.27632,0.0903901
chr3,13770538,13770538,G,C,13770834.0,13770834.0,-1.25912,0.0780753
chr16,88691431,88691431,C,T,88691408.0,88691408.0,1.24894,0.0727729
chr11,109913789,109913789,T,G,109915407.0,109915407.0,-1.22032,0.0789704
chr1,228979561,228979561,C,A,228979733.0,228979733.0,-1.06416,0.071419
chr7,25926270,25926270,T,A,25926256.0,25926256.0,-0.984438,0.0620777
chr1,155105947,155105947,C,G,155112849.0,155112849.0,-1.15919,0.0783049
chr14,77557176,77557176,C,G,77557086.0,77557086.0,1.19748,0.0695261
chr2,170363417,170363417,G,A,170363551.0,170363551.0,1.35305,0.0843337
chr14,58829529,58829529,C,T,58829584.0,58829584.0,1.2567,0.0747279
chr2,27770976,27770976,C,T,27770980.0,27770980.0,1.15238,0.0764468
chr1,229370814,229370814,C,T,229370746.0,229370746.0,1.33567,0.0815152
chr18,9321219,9321219,C,T,9321180.0,9321180.0,-1.18235,0.0765502
chr10,103849066,103849066,C,T,103856765.0,103856765.0,-1.03604,0.0707629
chr9,112836668,112836668,C,T,112836653.0,112836653.0,1.15159,0.0740005
chr17,2305605,2305605,G,T,2303947.0,2303947.0,1.06673,0.0686666
chr6,163750882,163750882,A,G,163750928.0,163750928.0,1.11573,0.0713414
chr14,63204185,63204185,T,C,63204638.0,63204638.0,1.21693,0.0819891
chr2,201901924,201901924,G,A,201901877.0,201901877.0,1.34139,0.0853457
chr14,75515513,75515513,T,C,75515525.0,75515525.0,1.21925,0.0846346
chr8,142676182,142676182,A,T,142676080.0,142676080.0,1.49576,0.0963406
chr6,36674483,36674483,C,T,36672172.0,36672172.0,1.33475,0.0843345
chr5,13650351,13650351,T,C,13658835.0,13658835.0,-1.11147,0.0760012
chr6,105870059,105870059,T,G,105870012.0,105870012.0,1.21422,0.0762899
chr1,153609931,153609931,T,C,153610064.0,153610064.0,-1.06903,0.0714361
chr6,138691249,138691249,C,G,138691723.0,138691723.0,-1.13664,0.0730083
chr1,17310365,17310365,T,C,17310403.0,17310403.0,1.18118,0.0750996
chr18,24393906,24393906,C,T,24394991.0,24394991.0,1.12914,0.0732484
chr7,76301442,76301442,C,G,76294953.0,76294953.0,1.16823,0.07882
chr13,109731177,109731177,G,A,109731965.0,109731965.0,1.29536,0.0835458
chr10,16814686,16814686,A,G,16817645.0,16817645.0,1.12206,0.0758103
chr1,153609927,153609927,G,A,153610045.0,153610045.0,-1.06738,0.0664247
chr10,95971320,95971320,C,T,95976348.0,95976348.0,0.9569,0.0608909
chr17,62804983,62804983,G,T,62804977.0,62804977.0,-1.41293,0.0929865
chr11,76657509,76657509,A,G,76657450.0,76657450.0,1.10775,0.0727315
chr6,134018127,134018127,A,G,134020745.0,134020745.0,-1.00644,0.0681387
chr2,7673140,7673140,T,G,7673164.0,7673164.0,-1.34776,0.090127
chr12,9310761,9310761,T,C,9319389.0,9319389.0,-1.08582,0.0697565
chr10,133190220,133190220,C,T,133195315.0,133195315.0,-1.2997,0.0838176
chr6,138691249,138691249,C,G,138691955.0,138691955.0,-1.29153,0.0833721
chr3,112773903,112773903,T,G,112774457.0,112774457.0,0.878751,0.0586682
chr10,132237254,132237254,T,C,132232409.0,132232409.0,-1.22824,0.0825767
chr18,79815613,79815613,C,T,79823437.0,79823437.0,-1.28799,0.0813684
chr2,85951823,85951823,C,A,85951741.0,85951741.0,1.24585,0.0813404
chr2,190702815,190702815,G,C,190702850.0,190702850.0,1.11461,0.074235
chr2,151306213,151306213,C,T,151303077.0,151303077.0,-1.09066,0.0723937
chr5,31268861,31268861,T,C,31268848.0,31268848.0,-1.2051,0.0795018
chr13,46154448,46154448,T,C,46154446.0,46154446.0,1.36962,0.0906829
chr12,2652725,2652725,C,T,2650094.0,2650094.0,1.19136,0.0813905
chr2,239060396,239060396,C,A,239062409.0,239062409.0,1.35514,0.0898601
chr15,52100666,52100666,G,A,52100621.0,52100621.0,1.20122,0.0834414
chr4,121797839,121797839,T,C,121800827.0,121800827.0,-1.40515,0.0927505
chr17,47850045,47850045,G,C,47850026.0,47850026.0,1.09912,0.0788718
chr10,79240220,79240220,T,C,79240084.0,79240084.0,-1.06992,0.0711734
chr10,96744427,96744427,G,A,96744491.0,96744491.0,-1.12941,0.0739667
chr10,126137533,126137533,A,G,126134496.0,126134496.0,1.22248,0.0781341
chr6,114989887,114989887,A,G,114989875.0,114989875.0,-1.29017,0.0889646
chr11,114320546,114320546,C,T,114320645.0,114320645.0,-1.25286,0.0835585
chr16,83762650,83762650,G,A,83770045.0,83770045.0,1.07606,0.0687709
chr12,128797635,128797635,T,C,128797512.0,128797512.0,1.29908,0.0826843
chr1,165826007,165826007,C,T,165826026.0,165826026.0,-1.28353,0.0887972
chr12,77023564,77023564,G,A,77023787.0,77023787.0,1.25485,0.0775312
chr18,50189351,50189351,T,G,50189263.0,50189263.0,-1.38725,0.0907777
chr3,57219527,57219527,C,T,57222107.0,57222107.0,1.30908,0.088986
chr16,31467390,31467390,G,A,31467049.0,31467049.0,-1.2361,0.0967565
chr16,87294991,87294991,G,A,87295867.0,87295867.0,1.27548,0.0830643
chr12,630843,630843,C,G,631172.0,631172.0,1.16579,0.0758805
chr7,39953663,39953663,C,G,39953841.0,39953841.0,-1.26363,0.0872426
chr1,30758407,30758407,T,G,30758574.0,30758574.0,1.17525,0.0813632
chr1,209598332,209598332,A,G,209602405.0,209602405.0,-1.3114,0.0879487
chr17,32495589,32495589,C,T,32495543.0,32495543.0,1.13546,0.0800783
chr16,86717883,86717883,G,C,86718172.0,86718172.0,-1.23395,0.0807864
chr5,57779149,57779149,T,A,57780365.0,57780365.0,-1.0377,0.0722054
chr7,37334876,37334876,T,C,37337704.0,37337704.0,-1.06793,0.0724312
chr12,77023564,77023564,G,A,77023958.0,77023958.0,1.12961,0.0771904
chr11,20358417,20358417,C,G,20363340.0,20363340.0,-1.11375,0.0733995
chr4,169867382,169867382,T,C,169867380.0,169867380.0,1.07883,0.069278
chr5,135266065,135266065,G,T,135266083.0,135266083.0,1.07538,0.076314
chr3,134931607,134931607,T,C,134931568.0,134931568.0,-1.21815,0.0802766
chr13,45837805,45837805,C,G,45833655.0,45833655.0,-1.24642,0.0893049
chr10,9966038,9966038,T,C,9957535.0,9957535.0,-1.14558,0.0792915
chr1,226985202,226985202,G,A,226990184.0,226990184.0,-1.29337,0.0897377
chr14,31258122,31258122,G,A,31258345.0,31258345.0,-1.13044,0.0797096
chr8,119072169,119072169,T,C,119072110.0,119072110.0,1.24552,0.0841756
chr3,42350889,42350889,G,A,42346032.0,42346032.0,1.36552,0.0970031
chr6,6965535,6965535,G,A,6970078.0,6970078.0,1.1151,0.0770002
chr11,101562430,101562430,C,T,101554101.0,101554101.0,1.20313,0.0913145
chr14,55120579,55120579,T,C,55127895.0,55127895.0,0.934675,0.0669978
chr12,56001636,56001636,T,A,56001655.0,56001655.0,-1.02857,0.0768852
chr18,76404712,76404712,C,T,76406287.0,76406287.0,1.26417,0.0871227
chr5,172331160,172331160,A,G,172332238.0,172332238.0,1.21245,0.0806979
chr7,128150120,128150120,C,T,128152113.0,128152113.0,-1.25649,0.0912654
chr17,81192303,81192303,T,C,81197120.0,81197120.0,-1.08156,0.0732901
chr13,49620258,49620258,G,A,49620507.0,49620507.0,1.2105,0.0842379
chr20,1281775,1281775,G,A,1281938.0,1281938.0,-1.27673,0.0892572
chr7,73734972,73734972,G,A,73735026.0,73735026.0,1.17823,0.0879245
chr8,143326732,143326732,T,C,143326730.0,143326730.0,1.10149,0.0770505
chr15,63595914,63595914,C,T,63595788.0,63595788.0,1.31412,0.0877864
chr10,3091349,3091349,C,A,3091364.0,3091364.0,-1.21146,0.0876759
chr1,30783058,30783058,T,C,30783181.0,30783181.0,-1.15231,0.0774166
chr6,39923625,39923625,C,T,39923529.0,39923529.0,1.167,0.0813077
chr1,8429242,8429242,C,T,8424610.0,8424610.0,-1.09186,0.0802004
chr1,154865320,154865320,T,C,154867337.0,154867337.0,-1.14292,0.0786576
chr20,46696121,46696121,C,T,46696194.0,46696194.0,1.23879,0.084389
chr2,36468477,36468477,A,G,36468467.0,36468467.0,-1.19031,0.075666
chr5,173578247,173578247,G,A,173578251.0,173578251.0,-1.10951,0.0828297
chr1,111193972,111193972,C,T,111190676.0,111190676.0,-1.17243,0.0814693
chr1,169693601,169693601,G,T,169696323.0,169696323.0,1.11296,0.0806656
chr2,85428868,85428868,T,G,85428886.0,85428886.0,1.21137,0.082116
chr1,17592105,17592105,G,A,17592065.0,17592065.0,1.13079,0.0777531
chr19,14880831,14880831,G,A,14880940.0,14880940.0,1.43013,0.0943629
chr7,151830100,151830100,C,T,151830263.0,151830263.0,-1.10279,0.0760555
chr1,153612510,153612510,A,C,153617767.0,153617767.0,1.19599,0.0848906
chr2,28382012,28382012,A,G,28382357.0,28382357.0,-1.18265,0.0803531
chr2,177171658,177171658,A,G,177171505.0,177171505.0,-1.19189,0.0853292
chr15,81168681,81168681,C,G,81167932.0,81167932.0,-1.24447,0.0868992
chr11,108889028,108889028,T,G,108896282.0,108896282.0,-1.20568,0.0899977
chr6,37585419,37585419,T,C,37585432.0,37585432.0,0.86898,0.0593017
chr3,45607305,45607305,G,T,45607916.0,45607916.0,1.34248,0.0935294
chr14,36702676,36702676,T,C,36702696.0,36702696.0,1.08466,0.0776075
chr18,49683601,49683601,G,A,49686109.0,49686109.0,-1.2746,0.08884
chr11,1391618,1391618,A,G,1391915.0,1391915.0,1.13969,0.0789685
chr13,29480889,29480889,A,G,29480955.0,29480955.0,1.24468,0.0875548
chr22,37133758,37133758,A,G,37133739.0,37133739.0,1.24252,0.0876742
chr6,166956723,166956723,A,C,166957041.0,166957041.0,1.25209,0.0849727
chr8,102125733,102125733,A,G,102125757.0,102125757.0,1.3255,0.0925378
chr2,239192672,239192672,C,T,239192652.0,239192652.0,-1.193,0.0823391
chr9,81771797,81771797,A,G,81771747.0,81771747.0,-1.20462,0.0874633
chr12,63301641,63301641,T,G,63302630.0,63302630.0,-1.20283,0.081772
chr5,13665725,13665725,G,A,13664475.0,13664475.0,-1.23497,0.0854555
chr13,44313106,44313106,T,G,44313145.0,44313145.0,1.32543,0.094034
chr17,79928458,79928458,A,G,79928594.0,79928594.0,1.24789,0.0849633
chr14,71161346,71161346,A,G,71165895.0,71165895.0,0.938742,0.0674166
chr21,38987079,38987079,A,G,38989957.0,38989957.0,-1.26079,0.0868238
chr1,58967225,58967225,G,A,58971912.0,58971912.0,-1.15156,0.0849635
chr2,119350654,119350654,A,C,119355922.0,119355922.0,1.34846,0.0976607
chr14,63204185,63204185,T,C,63204799.0,63204799.0,1.18268,0.0866121
chr1,31848799,31848799,A,G,31848857.0,31848857.0,-0.980722,0.0712771
chr1,231626594,231626594,G,C,231626626.0,231626626.0,1.23387,0.0870448
chr13,114134675,114134675,T,C,114134546.0,114134546.0,-1.27449,0.0887365
chr2,180125825,180125825,G,A,180125920.0,180125920.0,1.13989,0.078549
chr3,46889988,46889988,A,T,46895165.0,46895165.0,-1.09915,0.0818887
chr19,18598958,18598958,G,A,18606270.0,18606270.0,1.08074,0.0802399
chr13,49620258,49620258,G,A,49620186.0,49620186.0,1.1181,0.0789489
chr10,132231783,132231783,T,C,132232074.0,132232074.0,-1.2141,0.0839034
chr19,35117188,35117188,C,T,35117143.0,35117143.0,1.37518,0.0957352
chr19,14781100,14781100,A,G,14781006.0,14781006.0,-1.09484,0.078912
chr22,46773373,46773373,C,T,46773330.0,46773330.0,-1.27823,0.0893262
chr14,75515513,75515513,T,C,75515587.0,75515587.0,1.24288,0.0905254
chr6,138691249,138691249,C,G,138691855.0,138691855.0,-1.31841,0.0956367
chr15,77546077,77546077,T,C,77546146.0,77546146.0,-1.2069,0.0842095
chr17,74597642,74597642,G,C,74603887.0,74603887.0,1.10416,0.0790266
chr10,26475408,26475408,G,A,26475594.0,26475594.0,-1.29914,0.0888141
chr17,43765224,43765224,A,G,43766649.0,43766649.0,-1.26854,0.0888171
chr1,76053008,76053008,T,C,76053211.0,76053211.0,-1.23726,0.0832366
chr1,7318120,7318120,A,G,7318090.0,7318090.0,1.20648,0.0886822
chr17,80948197,80948197,G,A,80948420.0,80948420.0,-1.26431,0.0879807
chr2,109551955,109551955,G,A,109558619.0,109558619.0,1.23031,0.0870132
chr20,5530107,5530107,A,G,5530103.0,5530103.0,-1.13177,0.0828557
chr14,89339331,89339331,G,A,89343650.0,89343650.0,1.12448,0.0819684
chr1,236094652,236094652,C,T,236091794.0,236091794.0,1.12595,0.0815173
chr16,78878833,78878833,G,A,78879188.0,78879188.0,-1.26113,0.084024
chr13,93890553,93890553,G,C,93882961.0,93882961.0,1.23037,0.0906974
chr14,63204185,63204185,T,C,63205019.0,63205019.0,1.15886,0.0803039
chr2,85493680,85493680,C,T,85501468.0,85501468.0,1.3941,0.0951085
chr9,81771797,81771797,A,G,81771819.0,81771819.0,-1.20235,0.0898983
chr17,1157127,1157127,T,G,1159674.0,1159674.0,-1.3149,0.0970527
chr12,93887470,93887470,G,A,93887533.0,93887533.0,1.06381,0.0738124
chr13,37105131,37105131,G,T,37107118.0,37107118.0,-1.17838,0.0871955
chr2,65728065,65728065,C,A,65728106.0,65728106.0,1.06918,0.0770567
chr9,122219390,122219390,C,T,122226441.0,122226441.0,-1.32147,0.097338
chr9,38390072,38390072,A,G,38383607.0,38383607.0,-1.13866,0.0826704
chr12,132622323,132622323,T,C,132625426.0,132625426.0,-1.09045,0.0729036
chr5,154203292,154203292,T,C,154206419.0,154206419.0,-0.994199,0.0715061
chr5,77852749,77852749,T,G,77851317.0,77851317.0,1.2966,0.0977836
chr8,11897546,11897546,C,A,11897597.0,11897597.0,-1.09806,0.075585
chr1,156936658,156936658,A,G,156936758.0,156936758.0,1.13099,0.0802795
chr12,8688323,8688323,A,G,8688407.0,8688407.0,1.37899,0.0995967
chr3,197488359,197488359,T,C,197488385.0,197488385.0,-1.25262,0.0960454
chr1,67534897,67534897,T,A,67534849.0,67534849.0,1.20797,0.0873656
chr6,152568001,152568001,A,C,152576145.0,152576145.0,1.33915,0.098767
chr3,78864053,78864053,A,C,78872466.0,78872466.0,-1.19602,0.0889578
chr2,1831810,1831810,C,T,1839412.0,1839412.0,-1.11991,0.0832842
chr22,23913109,23913109,C,T,23919779.0,23919779.0,1.23375,0.0879351
chr13,30740318,30740318,C,A,30740726.0,30740726.0,1.2074,0.0885726
chr15,90387227,90387227,T,C,90388230.0,90388230.0,1.07533,0.074943
chr17,81192303,81192303,T,C,81197010.0,81197010.0,-1.10146,0.0801284
chr3,9139719,9139719,T,C,9139698.0,9139698.0,1.06459,0.0769475
chr10,78992576,78992576,G,A,78992650.0,78992650.0,1.23719,0.0874454
chr6,37620787,37620787,C,A,37620829.0,37620829.0,1.23315,0.0856989
chr7,47540518,47540518,C,T,47540550.0,47540550.0,-1.14335,0.0850651
chr4,128468583,128468583,A,G,128468589.0,128468589.0,1.11259,0.0823735
chr13,106511522,106511522,G,A,106511507.0,106511507.0,-0.902092,0.0643084
chr12,132636151,132636151,C,T,132636063.0,132636063.0,1.0889,0.0811235
chr22,44605259,44605259,G,T,44605275.0,44605275.0,1.08614,0.0805441
chr12,630843,630843,C,G,630787.0,630787.0,1.14854,0.0840819
chr3,184520707,184520707,C,T,184524052.0,184524052.0,1.3389,0.0972041
chr13,95300183,95300183,T,C,95302128.0,95302128.0,-1.22252,0.0874909
chr6,168322866,168322866,T,C,168326156.0,168326156.0,1.33796,0.0961466
chr7,155300043,155300043,A,T,155299813.0,155299813.0,-1.08444,0.0818153
chr1,87151258,87151258,A,C,87151218.0,87151218.0,1.22832,0.0934153
chr9,133680785,133680785,C,T,133680742.0,133680742.0,-1.32046,0.0994604
chr10,133071012,133071012,G,A,133071015.0,133071015.0,-1.14344,0.081422
chr15,45182173,45182173,A,C,45181749.0,45181749.0,-1.06044,0.0805772
chr17,907319,907319,G,A,908149.0,908149.0,1.14771,0.0810762
chr13,49220514,49220514,C,A,49225574.0,49225574.0,-1.10988,0.0835192
chr20,45881123,45881123,T,C,45888694.0,45888694.0,-1.3682,0.0975226
chr17,57596565,57596565,G,A,57596566.0,57596566.0,-1.12404,0.0883503
chr13,49620258,49620258,G,A,49620418.0,49620418.0,1.15932,0.0829141
chr10,104384596,104384596,A,T,104387339.0,104387339.0,-1.15325,0.0860808
chr12,66332659,66332659,C,T,66338121.0,66338121.0,-1.12648,0.0827415
chr8,1949734,1949734,T,G,1949803.0,1949803.0,-0.892252,0.0643193
chr22,38198661,38198661,G,A,38199415.0,38199415.0,1.19593,0.0877824
chr18,3171169,3171169,A,G,3172023.0,3172023.0,-1.23801,0.0915285
chr22,36232947,36232947,C,T,36233404.0,36233404.0,1.15962,0.087683
chr4,24680198,24680198,G,A,24681073.0,24681073.0,1.08629,0.0803173
chr11,17766778,17766778,A,C,17766788.0,17766788.0,-1.17445,0.0881797
chr2,67896338,67896338,C,T,67895491.0,67895491.0,1.26344,0.0899639
chr17,3904738,3904738,A,G,3904863.0,3904863.0,-1.13934,0.0802805
chr19,47728316,47728316,C,T,47728242.0,47728242.0,-1.27343,0.0976137
chr1,235504390,235504390,G,A,235504380.0,235504380.0,-1.16029,0.0894824
chr11,57391716,57391716,T,C,57391593.0,57391593.0,-1.22415,0.0909072
chr1,154865320,154865320,T,C,154867433.0,154867433.0,-1.22982,0.0955878
chr6,132589473,132589473,G,A,132589542.0,132589542.0,1.26288,0.0959822
chr18,79459389,79459389,G,C,79459388.0,79459388.0,-1.12178,0.0840337
chr8,1203016,1203016,A,G,1203329.0,1203329.0,1.22622,0.0854377
chr3,10286566,10286566,A,C,10286806.0,10286806.0,1.12889,0.0803686
chr1,17560606,17560606,C,T,17560570.0,17560570.0,1.10484,0.0802884
chr6,11326788,11326788,C,T,11326815.0,11326815.0,-1.09989,0.0831516
chr1,247452585,247452585,T,C,247453221.0,247453221.0,-1.18817,0.0892823
chr1,231871363,231871363,G,A,231872095.0,231872095.0,-1.08271,0.0846146
chr17,80870435,80870435,G,T,80870399.0,80870399.0,1.07579,0.0754399
chr11,102569109,102569109,G,A,102574224.0,102574224.0,1.21868,0.0874354
chr4,26452344,26452344,A,C,26452568.0,26452568.0,1.18462,0.0873861
chr14,106113960,106113960,G,A,106117525.0,106117525.0,-0.925817,0.0702539
chr8,133077394,133077394,G,C,133077605.0,133077605.0,1.09444,0.0803319
chr7,1545607,1545607,C,T,1548648.0,1548648.0,0.997362,0.0698031
chr7,77327322,77327322,G,A,77327669.0,77327669.0,1.12022,0.0837645
chr8,143933019,143933019,G,A,143934120.0,143934120.0,-1.18984,0.0869999
chr5,170857620,170857620,A,C,170861753.0,170861753.0,1.1411,0.0858557
chr10,127906089,127906089,A,G,127906163.0,127906163.0,1.21347,0.0893775
chr9,134522238,134522238,C,T,134522152.0,134522152.0,1.2012,0.0853271
chr5,181042713,181042713,C,T,181051185.0,181051185.0,1.24591,0.0918613
chr15,90275099,90275099,G,T,90275097.0,90275097.0,-1.26616,0.0939475
chr22,23898153,23898153,G,A,23898200.0,23898200.0,-1.22776,0.0930683
chr11,76657509,76657509,A,G,76657483.0,76657483.0,1.13964,0.0844093
chr1,167553951,167553951,T,A,167555938.0,167555938.0,-1.23381,0.0943183
chr13,24097462,24097462,T,C,24097361.0,24097361.0,1.01398,0.0740064
chr19,38051050,38051050,T,C,38055207.0,38055207.0,1.12644,0.0883986
chr3,5584074,5584074,G,A,5584148.0,5584148.0,-1.28089,0.0926798
chr10,121928637,121928637,A,T,121928905.0,121928905.0,1.14787,0.0840458
chr3,46442770,46442770,C,G,46442888.0,46442888.0,-1.13527,0.0846026
chr12,7847704,7847704,C,A,7847821.0,7847821.0,1.24713,0.0893178
chr20,62959697,62959697,C,T,62959857.0,62959857.0,-1.14982,0.0855756
chr6,22271256,22271256,G,A,22271162.0,22271162.0,0.996508,0.0764163
chr1,10425552,10425552,T,C,10430749.0,10430749.0,1.08434,0.0839802
chr17,79732746,79732746,C,T,79733072.0,79733072.0,-1.32176,0.0988789
chr6,2565288,2565288,A,G,2565264.0,2565264.0,1.22765,0.0966742
chr16,89816800,89816800,T,C,89816832.0,89816832.0,1.21027,0.0882681
chr7,135661514,135661514,T,G,135661314.0,135661314.0,-1.11977,0.0810716
chr6,8107374,8107374,G,A,8111015.0,8111015.0,1.1283,0.0843762
chr19,47728316,47728316,C,T,47728449.0,47728449.0,-1.38389,0.0981268
chr9,93589961,93589961,T,A,93589901.0,93589901.0,1.20576,0.0920511
chr8,17672771,17672771,C,T,17676160.0,17676160.0,1.23088,0.091817
chr2,113116890,113116890,T,C,113116838.0,113116838.0,1.11125,0.0850555
chr21,42690353,42690353,C,T,42690372.0,42690372.0,-1.33302,0.0992793
chr5,80127170,80127170,C,T,80127354.0,80127354.0,-0.953817,0.0727167
chr14,92489041,92489041,A,C,92488774.0,92488774.0,1.26876,0.0902452
chr5,180314374,180314374,C,A,180313914.0,180313914.0,-1.20494,0.0921485
chr22,39351666,39351666,T,A,39352407.0,39352407.0,-1.30733,0.0978579
chr22,43113840,43113840,G,C,43113815.0,43113815.0,1.23038,0.0936819
chr17,47745535,47745535,T,C,47745603.0,47745603.0,0.810522,0.0645205
chr16,81516982,81516982,A,C,81516920.0,81516920.0,1.15074,0.0894936
chr5,178297366,178297366,T,A,178292842.0,178292842.0,1.23869,0.0938841
chr2,68815329,68815329,A,C,68816328.0,68816328.0,1.01667,0.0788711
chr19,28727385,28727385,G,A,28726951.0,28726951.0,1.30971,0.0968458
chr12,102459394,102459394,T,C,102459399.0,102459399.0,-1.14225,0.086631
chr16,87295211,87295211,G,A,87295864.0,87295864.0,1.37926,0.0999667
chr17,73059609,73059609,C,T,73059794.0,73059794.0,-1.14319,0.082956
chr4,188948796,188948796,T,C,188949858.0,188949858.0,1.30419,0.0973036
chr10,101015448,101015448,T,C,101015416.0,101015416.0,1.15325,0.090536
chr20,62959697,62959697,C,T,62959399.0,62959399.0,-1.21548,0.0897165
chr9,128192959,128192959,A,G,128193157.0,128193157.0,-1.197,0.095715
chr6,35051602,35051602,C,G,35058931.0,35058931.0,-1.31049,0.0999519
chr14,52013524,52013524,C,T,52020402.0,52020402.0,1.11757,0.0814201
chr20,62046948,62046948,G,A,62051237.0,62051237.0,1.16551,0.0912121
chr9,6631099,6631099,A,G,6631117.0,6631117.0,-1.10007,0.0782654
chr16,10682632,10682632,C,T,10683220.0,10683220.0,1.22556,0.0921437
chr19,2754812,2754812,C,T,2754809.0,2754809.0,-1.25629,0.0944693
chr3,177687443,177687443,A,G,177694784.0,177694784.0,1.20251,0.0903079
chr16,18956802,18956802,C,G,18956117.0,18956117.0,-1.16892,0.0936171
chr16,4417532,4417532,C,T,4417557.0,4417557.0,-0.933985,0.0706022
chr10,45236168,45236168,C,T,45236006.0,45236006.0,1.34471,0.0991877
chr2,865596,865596,C,A,866188.0,866188.0,1.11171,0.0817952
chr5,172893125,172893125,T,C,172897770.0,172897770.0,1.08778,0.0830145
chr13,23848931,23848931,C,T,23849094.0,23849094.0,-1.12142,0.0843762
chr1,157091758,157091758,G,A,157085762.0,157085762.0,-1.16238,0.0855388
chr2,237905305,237905305,A,G,237906129.0,237906129.0,-1.18945,0.0917842
chr3,14890649,14890649,A,G,14890662.0,14890662.0,-1.13955,0.0896954
chr13,98266234,98266234,T,C,98267124.0,98267124.0,1.20257,0.0953348
chr14,75515513,75515513,T,C,75515593.0,75515593.0,1.21236,0.0915377
chr2,99256116,99256116,G,A,99255656.0,99255656.0,1.03358,0.0793189
chr12,7709453,7709453,C,T,7710633.0,7710633.0,-1.18966,0.0882771
chr6,54290873,54290873,G,A,54292026.0,54292026.0,-1.22342,0.0960137
chr17,21353793,21353793,A,G,21360038.0,21360038.0,1.27351,0.0997592
chr11,71565785,71565785,C,G,71567848.0,71567848.0,-1.1367,0.0902929
chr16,17368138,17368138,G,A,17368279.0,17368279.0,-1.04912,0.0818255
chr20,34547746,34547746,C,G,34553466.0,34553466.0,1.10211,0.0920085
chr2,46340137,46340137,G,T,46340121.0,46340121.0,1.29182,0.0973557
chr17,335230,335230,C,T,335042.0,335042.0,-1.21495,0.0921481
chr1,16520695,16520695,G,C,16520634.0,16520634.0,1.19533,0.0933592
chr18,24398427,24398427,C,G,24398439.0,24398439.0,-0.917898,0.0687519
chr10,88282077,88282077,C,A,88281997.0,88281997.0,-1.13417,0.0898357
chr22,27785411,27785411,C,T,27785097.0,27785097.0,1.12649,0.0833666
chr21,38987079,38987079,A,G,38989685.0,38989685.0,-1.05569,0.0802827
chr11,77209292,77209292,G,A,77209289.0,77209289.0,1.18055,0.0941571
chr1,234660117,234660117,C,A,234660164.0,234660164.0,1.00114,0.0795459
chr3,184525248,184525248,C,G,184524064.0,184524064.0,1.18487,0.0908163
chr9,91857995,91857995,A,T,91858129.0,91858129.0,1.29237,0.0997494
chr4,99144358,99144358,T,G,99144295.0,99144295.0,1.09195,0.0801579
chr12,1500427,1500427,C,A,1500371.0,1500371.0,1.04143,0.0796638
chr11,76234581,76234581,T,C,76234541.0,76234541.0,-0.983118,0.0761525
chr11,1927731,1927731,T,C,1927900.0,1927900.0,1.15346,0.084654
chr15,40960004,40960004,C,T,40959949.0,40959949.0,-1.05058,0.0845664
chr16,86497996,86497996,G,T,86497992.0,86497992.0,1.28512,0.0975434
chr11,62393257,62393257,G,A,62393387.0,62393387.0,1.21637,0.0996308
chr17,5777028,5777028,T,C,5770561.0,5770561.0,1.11898,0.0905256
chr3,4847756,4847756,G,T,4847761.0,4847761.0,-1.0986,0.0861299
chr14,32929955,32929955,A,T,32938164.0,32938164.0,1.24154,0.0978286
chr3,10288880,10288880,C,T,10287561.0,10287561.0,1.16442,0.0851646
chr12,45548031,45548031,T,C,45547979.0,45547979.0,1.14763,0.0905148
chr18,79552251,79552251,C,T,79545764.0,79545764.0,-1.10638,0.0857922
chr7,35038394,35038394,G,A,35038470.0,35038470.0,1.20075,0.0946254
chr3,190155566,190155566,G,A,190155796.0,190155796.0,-0.989447,0.0736649
chr12,116367281,116367281,A,G,116368619.0,116368619.0,1.12889,0.0864064
chr1,7159605,7159605,A,G,7159543.0,7159543.0,-1.08587,0.0888877
chr7,825765,825765,C,A,826465.0,826465.0,-1.00402,0.0743495
chr11,3204472,3204472,G,A,3204320.0,3204320.0,-1.15897,0.0860543
chr2,144469483,144469483,C,T,144471119.0,144471119.0,-1.15442,0.0969393
chr19,53705224,53705224,T,C,53705263.0,53705263.0,-1.0907,0.0831228
chr2,149310881,149310881,T,C,149314934.0,149314934.0,1.07764,0.0854959
chr19,41802962,41802962,A,C,41799612.0,41799612.0,1.15931,0.0955619
chr3,134931607,134931607,T,C,134931702.0,134931702.0,-1.08229,0.0869086
chr2,21044910,21044910,T,C,21044986.0,21044986.0,-1.15654,0.0947088
chr20,3669074,3669074,T,C,3670655.0,3670655.0,-1.10231,0.0817169
chr5,31268861,31268861,T,C,31268825.0,31268825.0,-1.23603,0.0907894
chr17,81194468,81194468,A,C,81197251.0,81197251.0,-0.798608,0.0637024
chr3,10358547,10358547,T,C,10361325.0,10361325.0,0.868376,0.0693196
chr10,4198380,4198380,A,C,4201798.0,4201798.0,1.11828,0.0867263
chr1,12551203,12551203,T,G,12556520.0,12556520.0,1.15087,0.09691
chr6,89216232,89216232,A,G,89217932.0,89217932.0,-1.24833,0.0972466
chr1,8422018,8422018,C,T,8424634.0,8424634.0,-1.02866,0.0812641
chr20,52036398,52036398,T,C,52036408.0,52036408.0,0.83989,0.0699169
chr4,184100427,184100427,C,T,184100361.0,184100361.0,1.30935,0.0975444
chr19,55270456,55270456,A,T,55270632.0,55270632.0,-1.19682,0.0945265
chr2,240403252,240403252,A,G,240403608.0,240403608.0,-1.14868,0.0888589
chr2,105773794,105773794,T,C,105774922.0,105774922.0,-1.30605,0.0967404
chr14,51508428,51508428,T,C,51508523.0,51508523.0,1.22188,0.0975028
chr9,89611257,89611257,C,G,89605030.0,89605030.0,1.10173,0.0886583
chr4,8153859,8153859,C,G,8153862.0,8153862.0,-1.0986,0.0830004
chr12,3726372,3726372,G,A,3727507.0,3727507.0,-1.2389,0.0974368
chr10,117440169,117440169,G,A,117439376.0,117439376.0,-1.20292,0.0953919
chr16,1463422,1463422,C,T,1462133.0,1462133.0,0.989197,0.076208
chr7,158458277,158458277,G,A,158458286.0,158458286.0,1.09968,0.0924364
chr16,69926085,69926085,G,C,69932999.0,69932999.0,-1.04675,0.0883836
chr16,58264839,58264839,C,A,58265741.0,58265741.0,1.19298,0.0938152
chr2,45986801,45986801,G,T,45986781.0,45986781.0,1.30014,0.0966087
chr4,184333798,184333798,C,T,184333650.0,184333650.0,0.971248,0.0754488
chr13,30740318,30740318,C,A,30740926.0,30740926.0,1.17577,0.0928006
chr9,72579150,72579150,T,C,72585765.0,72585765.0,1.01436,0.0857212
chr16,82152778,82152778,G,C,82152712.0,82152712.0,1.17892,0.0899668
chr7,95324583,95324583,G,A,95324644.0,95324644.0,1.08384,0.0886299
chr1,41782044,41782044,C,T,41783327.0,41783327.0,-1.08697,0.0852931
chr22,35336911,35336911,G,A,35337717.0,35337717.0,0.995397,0.0789579
chr7,1545607,1545607,C,T,1546620.0,1546620.0,0.991758,0.0802932
chr15,77813366,77813366,C,T,77817108.0,77817108.0,-1.06125,0.0800692
chr10,121928637,121928637,A,T,121928764.0,121928764.0,1.20698,0.0950418
chr10,50372642,50372642,C,G,50375689.0,50375689.0,-1.135,0.0932487
chr6,33121662,33121662,T,C,33128526.0,33128526.0,-1.07436,0.077538
chr10,78458211,78458211,A,G,78458212.0,78458212.0,1.09297,0.0891617
chr12,12072273,12072273,C,T,12072328.0,12072328.0,-1.02896,0.0799814
chr17,67386986,67386986,G,A,67390738.0,67390738.0,-1.20126,0.0918474
chr20,45052922,45052922,T,C,45053237.0,45053237.0,-1.16959,0.0923468
chr16,87365847,87365847,A,G,87367563.0,87367563.0,0.956311,0.0723753
chr11,65820434,65820434,A,G,65812294.0,65812294.0,1.01062,0.0859797
chr5,122073485,122073485,G,C,122078939.0,122078939.0,1.02441,0.0852581
chr7,157138643,157138643,T,C,157140512.0,157140512.0,-1.09827,0.0858539
chr3,193818644,193818644,G,T,193819066.0,193819066.0,-1.03368,0.0793982
chr8,33812140,33812140,G,C,33812839.0,33812839.0,1.01136,0.0851802
chr10,79240220,79240220,T,C,79240050.0,79240050.0,-1.03702,0.0824639
chr20,3203488,3203488,C,T,3203513.0,3203513.0,1.11069,0.0912607
chr10,13928567,13928567,A,T,13930210.0,13930210.0,-1.15918,0.0936057
chr17,50506291,50506291,A,G,50507909.0,50507909.0,1.01014,0.0822988
chr2,239164720,239164720,T,C,239164482.0,239164482.0,-1.0865,0.0856596
chr17,5667198,5667198,A,G,5668116.0,5668116.0,1.2719,0.0982199
chr10,71721498,71721498,A,G,71726683.0,71726683.0,-1.28734,0.0965592
chr22,46739308,46739308,A,C,46739274.0,46739274.0,1.23861,0.095948
chr21,36977441,36977441,T,C,36977637.0,36977637.0,-1.16421,0.0919128
chr18,63339059,63339059,G,A,63345074.0,63345074.0,-1.22197,0.0987653
chr3,72657832,72657832,T,C,72657698.0,72657698.0,1.02058,0.0827245
chr4,174315215,174315215,A,G,174320533.0,174320533.0,-1.08854,0.0881249
chr15,73937183,73937183,A,G,73937330.0,73937330.0,-1.06049,0.0804581
chr13,30497300,30497300,C,T,30499621.0,30499621.0,1.09381,0.0872896
chr15,79915999,79915999,G,A,79919505.0,79919505.0,1.14574,0.0906868
chr10,104211120,104211120,T,C,104219198.0,104219198.0,1.01019,0.0783468
chr7,43329013,43329013,A,G,43328999.0,43328999.0,0.960155,0.0760112
chr6,16092294,16092294,G,A,16093250.0,16093250.0,0.894297,0.0738374
chr12,52344596,52344596,A,G,52346949.0,52346949.0,-0.991886,0.0801318
chr12,630843,630843,C,G,630934.0,630934.0,1.09498,0.0880504
chr22,36239710,36239710,G,A,36240009.0,36240009.0,1.06818,0.0900974
chr8,6834856,6834856,T,C,6834865.0,6834865.0,1.12705,0.089384
chr1,179942756,179942756,A,G,179942749.0,179942749.0,-1.05655,0.0840781
chr8,129627294,129627294,G,A,129627268.0,129627268.0,-1.16736,0.0916053
chr17,50506291,50506291,A,G,50507903.0,50507903.0,1.00856,0.0803938
chr7,1158358,1158358,T,C,1159026.0,1159026.0,-1.128,0.0913968
chr22,22199905,22199905,C,T,22201016.0,22201016.0,1.24988,0.0976325
chr5,96783148,96783148,G,C,96784608.0,96784608.0,-1.15742,0.0923812
chr11,65633948,65633948,C,T,65634232.0,65634232.0,-1.13422,0.0942782
chr11,1391618,1391618,A,G,1392052.0,1392052.0,1.05362,0.084587
chr1,155140628,155140628,G,T,155140605.0,155140605.0,1.09146,0.0939894
chr2,74492783,74492783,G,T,74499883.0,74499883.0,1.07384,0.0898863
chr1,30783058,30783058,T,C,30783403.0,30783403.0,-1.0175,0.0824571
chr18,10705937,10705937,A,G,10702721.0,10702721.0,-1.17319,0.0936483
chr2,238641671,238641671,T,C,238644739.0,238644739.0,1.15892,0.0961729
chr11,1927731,1927731,T,C,1927860.0,1927860.0,1.14737,0.0901303
chr1,26534508,26534508,G,A,26534186.0,26534186.0,-1.00858,0.0859084
chr19,46579780,46579780,C,T,46579739.0,46579739.0,1.09477,0.0895704
chr14,65789063,65789063,C,G,65791280.0,65791280.0,-1.01177,0.0814547
chr8,137929749,137929749,G,T,137934487.0,137934487.0,-1.08733,0.08679
chr9,114802595,114802595,T,C,114806680.0,114806680.0,1.13899,0.0964774
chr16,66178119,66178119,A,G,66181997.0,66181997.0,-1.12644,0.0937125
chr5,1104823,1104823,C,T,1106983.0,1106983.0,1.18078,0.0992479
chr16,8729991,8729991,A,G,8730129.0,8730129.0,1.05906,0.0835216
chr14,56987721,56987721,C,T,56987723.0,56987723.0,-1.05187,0.0854412
chr9,110019545,110019545,C,G,110027884.0,110027884.0,1.05249,0.0883294
chr1,234957196,234957196,T,C,234957113.0,234957113.0,1.18347,0.0964789
chr19,49113873,49113873,C,T,49113744.0,49113744.0,1.16039,0.092891
chr2,26012931,26012931,G,A,26012907.0,26012907.0,-1.13009,0.0987209
chr16,87653069,87653069,C,G,87652719.0,87652719.0,1.01857,0.0802391
chr2,26540278,26540278,G,A,26540815.0,26540815.0,-1.1783,0.0975192
chr7,70736956,70736956,G,A,70737046.0,70737046.0,1.21975,0.0970841
chr1,44107990,44107990,C,T,44101431.0,44101431.0,-1.14196,0.0909225
chr16,78641634,78641634,C,T,78641783.0,78641783.0,-1.17408,0.0907904
chr13,99606070,99606070,T,G,99605911.0,99605911.0,-0.948489,0.0743538
chr6,30154798,30154798,C,T,30154788.0,30154788.0,1.32218,0.0979365
chr9,87860521,87860521,G,A,87860146.0,87860146.0,-1.11461,0.0884938
chr11,118117824,118117824,G,A,118118094.0,118118094.0,1.04288,0.0873419
chr7,1541881,1541881,T,C,1541886.0,1541886.0,-1.15179,0.090788
chr4,6265274,6265274,C,T,6269409.0,6269409.0,1.08341,0.0885538
chr6,36392104,36392104,C,T,36388385.0,36388385.0,-1.06468,0.0871297
chr3,123121029,123121029,G,A,123113823.0,123113823.0,1.16961,0.0950779
chr1,18478834,18478834,T,C,18479552.0,18479552.0,-1.24548,0.0986482
chr12,52318962,52318962,C,T,52321564.0,52321564.0,-1.16798,0.0964347
chr2,239764057,239764057,A,G,239763885.0,239763885.0,1.10276,0.0876751
chr1,17393347,17393347,T,C,17393448.0,17393448.0,1.17233,0.0979482
chr22,44440272,44440272,T,C,44442875.0,44442875.0,1.13616,0.0903107
chr21,33778452,33778452,A,G,33774207.0,33774207.0,1.17565,0.098441
chr17,335230,335230,C,T,335361.0,335361.0,-1.11791,0.0949581
chr2,241817974,241817974,G,A,241821609.0,241821609.0,-1.11111,0.0901794
chr17,82698740,82698740,T,G,82698736.0,82698736.0,1.07745,0.0819719
chr5,2018264,2018264,A,G,2018212.0,2018212.0,1.16771,0.0926856
chr19,2099112,2099112,T,G,2099095.0,2099095.0,1.10175,0.0910773
chr17,6995902,6995902,G,A,6995766.0,6995766.0,-0.913019,0.0757507
chr11,12225332,12225332,A,T,12225274.0,12225274.0,1.19068,0.0983963
chr17,76272538,76272538,C,T,76274109.0,76274109.0,-1.20317,0.096961
chr8,109065931,109065931,C,A,109065893.0,109065893.0,-1.09235,0.093482
chr1,52726410,52726410,T,G,52726416.0,52726416.0,1.0903,0.0933944
chr7,142838869,142838869,A,C,142835229.0,142835229.0,-0.963151,0.0794713
chr1,202203641,202203641,T,G,202203720.0,202203720.0,1.09929,0.0941528
chr22,46739308,46739308,A,C,46739361.0,46739361.0,1.23553,0.0991533
chr11,1927731,1927731,T,C,1927809.0,1927809.0,1.12988,0.0923968
chr1,44565510,44565510,T,C,44565526.0,44565526.0,1.05772,0.0870214
chr2,134669048,134669048,T,C,134669026.0,134669026.0,-1.07177,0.0911048
chr5,80070257,80070257,T,C,80070726.0,80070726.0,1.16116,0.0961302
chr10,132296438,132296438,A,G,132296415.0,132296415.0,1.11489,0.0902807
chr21,45555626,45555626,T,C,45556261.0,45556261.0,1.14483,0.0930765
chr15,65290664,65290664,G,A,65295404.0,65295404.0,1.00998,0.0874213
chr8,56448734,56448734,C,T,56447411.0,56447411.0,-1.15053,0.0987807
chr22,39388840,39388840,G,C,39388977.0,39388977.0,-1.18017,0.0999891
chr7,151696398,151696398,T,C,151696383.0,151696383.0,1.07677,0.0884874
chr3,138116190,138116190,A,G,138116155.0,138116155.0,1.0587,0.0926058
chr17,2126265,2126265,A,G,2128197.0,2128197.0,-1.05884,0.0898306
chr16,3669343,3669343,C,T,3669223.0,3669223.0,-1.0748,0.0905765
chr3,141657248,141657248,G,T,141657496.0,141657496.0,-1.1158,0.0965052
chr8,143934763,143934763,G,C,143927260.0,143927260.0,1.16019,0.0988894
chr6,6894515,6894515,C,A,6893930.0,6893930.0,-1.09994,0.0850614
chr19,7473231,7473231,A,G,7473198.0,7473198.0,-1.08151,0.0898659
chr1,159935478,159935478,T,C,159938360.0,159938360.0,-1.07228,0.086201
chr13,45782200,45782200,A,G,45781706.0,45781706.0,-1.12142,0.0951607
chr22,30384735,30384735,T,C,30387757.0,30387757.0,-1.14673,0.0933848
chr4,3389570,3389570,G,C,3389696.0,3389696.0,1.1285,0.0916429
chr15,29376990,29376990,G,T,29376989.0,29376989.0,-1.18013,0.0983815
chr12,9732486,9732486,G,A,9733228.0,9733228.0,1.2071,0.0959958
chr19,38900907,38900907,A,G,38900954.0,38900954.0,1.04551,0.0873066
chr16,58295253,58295253,G,A,58295223.0,58295223.0,-1.06818,0.0908487
chr12,52903937,52903937,T,G,52903909.0,52903909.0,-1.02172,0.0866977
chr6,32936824,32936824,G,T,32936844.0,32936844.0,-0.98704,0.0777901
chr1,36410385,36410385,T,C,36412262.0,36412262.0,1.17763,0.0977068
chr7,134595909,134595909,A,T,134603347.0,134603347.0,-1.05553,0.0872049
chr21,37074281,37074281,T,C,37071923.0,37071923.0,-1.11338,0.093025
chr3,13136645,13136645,A,G,13136736.0,13136736.0,-1.11309,0.0917926
chr1,22487407,22487407,C,T,22487839.0,22487839.0,1.15546,0.0972013
chr12,55985276,55985276,A,T,55990724.0,55990724.0,-1.10941,0.0955504
chr16,23805897,23805897,G,T,23807407.0,23807407.0,-0.848637,0.0709992
chr12,132388461,132388461,A,G,132394138.0,132394138.0,1.19518,0.0956175
chr17,49911871,49911871,C,T,49913637.0,49913637.0,1.03384,0.0868067
chr8,27405842,27405842,A,T,27407443.0,27407443.0,-1.09474,0.0880139
chr15,40105735,40105735,G,T,40105806.0,40105806.0,1.1884,0.0938208
chr20,62832003,62832003,G,A,62832816.0,62832816.0,1.08004,0.0878503
chr4,38388951,38388951,G,A,38386995.0,38386995.0,1.16919,0.0970893
chr17,32565933,32565933,C,A,32566707.0,32566707.0,-1.07318,0.0914273
chr22,31628994,31628994,A,G,31628977.0,31628977.0,0.855677,0.0739305
chr12,68449411,68449411,A,G,68452089.0,68452089.0,-1.13243,0.0932813
chr1,153632043,153632043,G,A,153627233.0,153627233.0,1.03015,0.0856882
chr3,72996037,72996037,A,G,72996535.0,72996535.0,-1.07365,0.0916855
chr6,24583953,24583953,T,C,24583960.0,24583960.0,1.20229,0.0994774
chr16,87365847,87365847,A,G,87364190.0,87364190.0,1.11389,0.0931967
chr9,122219390,122219390,C,T,122227731.0,122227731.0,-1.11692,0.0937684
chr10,71348024,71348024,C,T,71351662.0,71351662.0,1.17941,0.0924387
chr17,10709079,10709079,A,G,10709025.0,10709025.0,0.917847,0.075816
chr15,52100666,52100666,G,A,52100612.0,52100612.0,1.1681,0.0989323
chr6,31082571,31082571,A,G,31082596.0,31082596.0,1.13215,0.0855456
chr15,66645567,66645567,C,T,66644903.0,66644903.0,0.991755,0.0825092
chr6,32829760,32829760,T,G,32829801.0,32829801.0,-1.07109,0.0842768
chr10,30928871,30928871,A,T,30928786.0,30928786.0,0.884787,0.0756671
chr21,35940027,35940027,G,A,35940029.0,35940029.0,-0.979459,0.0852508
chr6,72739495,72739495,A,T,72739344.0,72739344.0,-1.08395,0.0932338
chr3,195762798,195762798,C,T,195762837.0,195762837.0,1.21209,0.0973792
chr10,62674522,62674522,A,G,62681601.0,62681601.0,1.09797,0.098187
chr19,39440391,39440391,T,C,39440420.0,39440420.0,-1.14814,0.0994344
chr5,179319446,179319446,A,G,179319441.0,179319441.0,1.06318,0.0892475
chr11,76657509,76657509,A,G,76657650.0,76657650.0,1.05538,0.0888501
chr18,22322905,22322905,T,C,22324592.0,22324592.0,-0.971792,0.0855023
chr6,36786242,36786242,C,G,36786297.0,36786297.0,1.09239,0.0954231
chr12,96120854,96120854,T,C,96121095.0,96121095.0,1.13499,0.0990819
chr10,51919222,51919222,A,T,51918900.0,51918900.0,1.17705,0.0994693
chr17,49259324,49259324,G,T,49265113.0,49265113.0,-1.06508,0.090877
chr19,49113873,49113873,C,T,49113785.0,49113785.0,1.14143,0.0933086
chr10,25016442,25016442,G,A,25016409.0,25016409.0,1.0605,0.0897144
chr5,56413849,56413849,C,G,56415403.0,56415403.0,0.989803,0.0826445
chr6,37059456,37059456,C,T,37059581.0,37059581.0,-1.12865,0.0909254
chr11,76754318,76754318,C,T,76756513.0,76756513.0,1.04873,0.0937934
chr14,90272836,90272836,G,A,90277639.0,90277639.0,-1.01742,0.0892549
chr5,1104823,1104823,C,T,1107033.0,1107033.0,1.15201,0.0969158
chr16,11500406,11500406,G,A,11500701.0,11500701.0,-1.13315,0.0930738
chr13,37105592,37105592,C,T,37105555.0,37105555.0,-1.00428,0.0861614
chr6,30154798,30154798,C,T,30154746.0,30154746.0,1.23806,0.0999115
chr17,27799319,27799319,A,G,27800511.0,27800511.0,-1.05008,0.0955182
chr4,176195312,176195312,C,G,176195313.0,176195313.0,1.04914,0.090756
chr1,226223616,226223616,C,T,226223332.0,226223332.0,-1.07236,0.0950808
chr17,76702738,76702738,A,G,76704917.0,76704917.0,-1.03514,0.0853266
chr15,85295159,85295159,A,G,85297158.0,85297158.0,-1.08009,0.0915256
chr12,6377490,6377490,T,C,6377503.0,6377503.0,-1.11277,0.0963381
chr15,90808700,90808700,G,A,90808765.0,90808765.0,-1.12325,0.0978483
chr7,22665679,22665679,C,T,22665672.0,22665672.0,-0.992913,0.0834439
chr6,167348236,167348236,T,C,167349832.0,167349832.0,-1.08535,0.088464
chr2,220894260,220894260,C,T,220893536.0,220893536.0,-1.13141,0.0973724
chr12,6497852,6497852,G,C,6495905.0,6495905.0,0.858366,0.0787038
chr12,109819699,109819699,T,C,109820411.0,109820411.0,-1.086,0.0986711
chr6,21847301,21847301,T,C,21847310.0,21847310.0,0.912104,0.0792314
chr16,88780395,88780395,G,A,88780315.0,88780315.0,1.16681,0.0997595
chr3,46442770,46442770,C,G,46442759.0,46442759.0,-1.11794,0.0958646
chr10,45103170,45103170,C,T,45109333.0,45109333.0,1.1152,0.0952716
chr7,95324583,95324583,G,A,95324498.0,95324498.0,1.05266,0.0908212
chr2,171521697,171521697,C,G,171521526.0,171521526.0,-1.00224,0.087147
chr22,22921536,22921536,G,T,22914214.0,22914214.0,1.02235,0.0896351
chr16,89118709,89118709,T,C,89118885.0,89118885.0,-1.12011,0.0939097
chr17,78650136,78650136,T,C,78653175.0,78653175.0,1.14918,0.0912703
chr15,57563562,57563562,G,T,57567220.0,57567220.0,-0.958252,0.0834223
chr13,45782200,45782200,A,G,45782260.0,45782260.0,-1.0533,0.0945897
chr10,44879848,44879848,G,A,44879868.0,44879868.0,1.00942,0.0929466
chr1,26061134,26061134,A,C,26061118.0,26061118.0,1.01207,0.0910073
chr20,61343684,61343684,T,A,61350734.0,61350734.0,1.11373,0.0982986
chr5,120174820,120174820,A,G,120182139.0,120182139.0,-1.05061,0.0905289
chr17,5771076,5771076,C,G,5770914.0,5770914.0,0.966182,0.0798534
chr1,28237768,28237768,A,G,28245788.0,28245788.0,0.928408,0.0850623
chr17,264878,264878,C,A,264528.0,264528.0,-1.13271,0.0995776
chr10,12982035,12982035,T,C,12980624.0,12980624.0,-1.11305,0.0986815
chr5,133582837,133582837,C,G,133589646.0,133589646.0,-0.994614,0.0893117
chr12,630843,630843,C,G,630814.0,630814.0,1.13042,0.0941638
chr12,630843,630843,C,G,630146.0,630146.0,1.17508,0.0982931
chr7,118872783,118872783,G,A,118872794.0,118872794.0,-1.01348,0.0952241
chr2,149069387,149069387,G,C,149068853.0,149068853.0,-1.05854,0.0953829
chr3,195035081,195035081,T,G,195035067.0,195035067.0,1.06109,0.0902659
chr5,64790474,64790474,T,C,64794187.0,64794187.0,-0.840322,0.0788921
chr12,26100773,26100773,C,T,26101099.0,26101099.0,1.0588,0.0954836
chr9,68678593,68678593,C,A,68678727.0,68678727.0,1.06369,0.0974385
chr10,3830684,3830684,C,T,3830710.0,3830710.0,-1.04848,0.0921032
chr6,33121662,33121662,T,C,33123790.0,33123790.0,-1.11521,0.0936867
chr8,8520592,8520592,T,C,8520455.0,8520455.0,-0.843803,0.0672957
chr5,180314374,180314374,C,A,180314120.0,180314120.0,-1.19076,0.096069
chr3,157067158,157067158,A,C,157066992.0,157066992.0,1.01732,0.0936417
chr16,89608660,89608660,T,G,89608719.0,89608719.0,1.15035,0.0966078
chr2,74492783,74492783,G,T,74499873.0,74499873.0,0.933941,0.0878191
chr10,97734983,97734983,C,T,97738440.0,97738440.0,1.04692,0.09334
chr13,20166955,20166955,T,A,20161177.0,20161177.0,1.04069,0.0961191
chr19,17794810,17794810,A,G,17794817.0,17794817.0,1.12079,0.0961256
chr1,31442277,31442277,T,C,31449234.0,31449234.0,-0.970788,0.090038
chr7,151690878,151690878,C,T,151690897.0,151690897.0,-1.03384,0.09015
chr11,111430034,111430034,A,G,111429352.0,111429352.0,-0.92455,0.0832217
chr20,20052493,20052493,T,A,20052889.0,20052889.0,1.02626,0.0889917
chr8,124564722,124564722,C,T,124564779.0,124564779.0,1.03338,0.0922231
chr17,81194468,81194468,A,C,81197219.0,81197219.0,-0.853541,0.073725
chr20,63785677,63785677,T,C,63782184.0,63782184.0,0.880494,0.0793909
chr1,205538207,205538207,C,A,205540011.0,205540011.0,1.0322,0.0885275
chr8,124752119,124752119,A,G,124752195.0,124752195.0,1.13655,0.0996836
chr4,25968157,25968157,A,G,25968753.0,25968753.0,1.08109,0.0946452
chr4,2759005,2759005,A,T,2761299.0,2761299.0,-1.05236,0.0963954
chr14,34715582,34715582,G,C,34715350.0,34715350.0,-1.0452,0.0951661
chr10,110675550,110675550,G,C,110680969.0,110680969.0,0.845851,0.0739077
chr17,74594592,74594592,G,A,74603589.0,74603589.0,0.957317,0.0884839
chr2,2656300,2656300,C,T,2656663.0,2656663.0,1.07372,0.0953831
chr17,74594592,74594592,G,A,74603574.0,74603574.0,0.951447,0.0865984
chr8,41244848,41244848,C,T,41250972.0,41250972.0,0.767662,0.0713284
chr10,121928637,121928637,A,T,121928823.0,121928823.0,1.11515,0.099722
chr21,38987079,38987079,A,G,38989828.0,38989828.0,-1.13891,0.0991271
chr5,75741470,75741470,C,G,75738569.0,75738569.0,-0.973273,0.0905269
chr5,10792238,10792238,C,T,10794089.0,10794089.0,1.17813,0.0998731
chr3,197492366,197492366,C,G,197492349.0,197492349.0,-1.11928,0.0996893
chr19,54015056,54015056,C,G,54015128.0,54015128.0,1.04037,0.094607
chr14,22504775,22504775,G,T,22506501.0,22506501.0,-1.02614,0.0894652
chr1,8422018,8422018,C,T,8424643.0,8424643.0,-0.995774,0.0941571
chr11,130042443,130042443,C,T,130042512.0,130042512.0,-0.925998,0.0834375
chr1,153612510,153612510,A,C,153617305.0,153617305.0,0.928528,0.0852393
chr11,28742967,28742967,C,T,28742979.0,28742979.0,-1.0715,0.0985793
chr7,150368919,150368919,T,C,150370623.0,150370623.0,-1.10871,0.0968503
chr14,85264634,85264634,C,T,85270865.0,85270865.0,1.05497,0.0957587
chr5,143427325,143427325,A,G,143429045.0,143429045.0,-1.06653,0.0993406
chr7,1158358,1158358,T,C,1159341.0,1159341.0,-1.11122,0.0956703
chr4,37798618,37798618,C,T,37802401.0,37802401.0,1.03945,0.0923655
chr22,50479977,50479977,G,A,50479980.0,50479980.0,-0.987308,0.0850844
chr10,121928637,121928637,A,T,121928806.0,121928806.0,1.14528,0.0974904
chr16,53822013,53822013,C,T,53823502.0,53823502.0,-1.03776,0.0936309
chr9,134226324,134226324,G,A,134226302.0,134226302.0,-0.995627,0.0888779
chr1,200904031,200904031,A,G,200903992.0,200903992.0,0.970933,0.0858669
chr16,85329378,85329378,C,T,85329357.0,85329357.0,1.07677,0.0945369
chr11,61194370,61194370,G,C,61194344.0,61194344.0,0.999756,0.0899851
chr16,17295708,17295708,C,T,17296540.0,17296540.0,1.10022,0.0950675
chr4,153693442,153693442,C,T,153701791.0,153701791.0,-1.0551,0.096235
chr12,630843,630843,C,G,630820.0,630820.0,1.07135,0.0943364
chr8,1195819,1195819,G,A,1195806.0,1195806.0,-0.962935,0.0849043
chr9,137079177,137079177,A,C,137085767.0,137085767.0,-0.928952,0.0872051
chr19,13722773,13722773,T,A,13723498.0,13723498.0,0.938217,0.0858994
chr2,3316239,3316239,A,G,3316758.0,3316758.0,0.925757,0.0787649
chr15,57323968,57323968,C,A,57323925.0,57323925.0,0.893007,0.0771591
chr11,128206222,128206222,G,A,128210410.0,128210410.0,-1.03287,0.0905796
chr15,41810087,41810087,G,A,41810183.0,41810183.0,-0.966244,0.0840476
chr12,94699804,94699804,C,T,94700062.0,94700062.0,-1.02519,0.0906472
chr2,26612529,26612529,C,A,26612485.0,26612485.0,0.931759,0.0859754
chr1,111619013,111619013,A,G,111619113.0,111619113.0,-1.02161,0.0911097
chr19,17794810,17794810,A,G,17794797.0,17794797.0,1.04934,0.0946423
chr5,36070007,36070007,T,C,36071360.0,36071360.0,1.07564,0.0982203
chr17,54968937,54968937,C,T,54969302.0,54969302.0,1.02932,0.0934114
chr13,33728299,33728299,G,T,33730749.0,33730749.0,0.939356,0.0855865
chr19,12495141,12495141,C,T,12495111.0,12495111.0,-1.00873,0.095844
chr2,71553085,71553085,T,C,71553045.0,71553045.0,-1.10152,0.0954434
chr6,36392104,36392104,C,T,36388238.0,36388238.0,-0.978904,0.0955715
chr10,46223285,46223285,A,C,46221027.0,46221027.0,1.06405,0.095537
chr13,112324392,112324392,G,C,112324369.0,112324369.0,0.922444,0.0828562
chr8,90662488,90662488,G,C,90669471.0,90669471.0,-1.06222,0.096437
chr13,112642030,112642030,T,C,112642055.0,112642055.0,1.10158,0.0986106
chr12,120716418,120716418,T,C,120719786.0,120719786.0,-0.791337,0.0712344
chr17,34428910,34428910,G,C,34434474.0,34434474.0,1.04431,0.0985449
chr1,234660117,234660117,C,A,234660189.0,234660189.0,0.938481,0.0894497
chr1,27885139,27885139,T,C,27886316.0,27886316.0,0.969015,0.0911808
chr7,1543239,1543239,A,G,1544843.0,1544843.0,0.971231,0.0894098
chr9,619209,619209,G,C,614587.0,614587.0,0.795343,0.0682164
chr10,132256106,132256106,A,C,132254942.0,132254942.0,0.976759,0.0884514
chr19,33152337,33152337,A,G,33156608.0,33156608.0,0.92524,0.0836382
chr11,10777424,10777424,A,G,10777554.0,10777554.0,0.992971,0.085998
chr10,133134354,133134354,A,G,133134796.0,133134796.0,1.03412,0.0911665
chr7,157428178,157428178,G,A,157432368.0,157432368.0,-1.08388,0.0990014
chr17,36851549,36851549,G,T,36851548.0,36851548.0,-1.03169,0.0946881
chr11,3055795,3055795,A,G,3057748.0,3057748.0,-1.04918,0.0970099
chr6,39316017,39316017,G,A,39315101.0,39315101.0,0.823812,0.0764653
chr5,85106408,85106408,A,G,85108662.0,85108662.0,0.915246,0.0877813
chr9,136492188,136492188,T,C,136484440.0,136484440.0,-0.903166,0.0813703
chr1,157288355,157288355,G,A,157288391.0,157288391.0,1.09527,0.0993347
chr7,75938138,75938138,C,G,75938151.0,75938151.0,0.88068,0.0829672
chr8,19755623,19755623,G,T,19755667.0,19755667.0,0.96081,0.0871119
chr1,153631636,153631636,G,A,153627296.0,153627296.0,1.05327,0.0982747
chr11,12269265,12269265,G,A,12269497.0,12269497.0,-0.936772,0.084125
chr19,7801073,7801073,C,T,7803189.0,7803189.0,1.07036,0.0954556
chr14,52013524,52013524,C,T,52021061.0,52021061.0,1.09611,0.0982349
chr12,630843,630843,C,G,632341.0,632341.0,1.06932,0.0959098
chr11,121105719,121105719,A,G,121112426.0,121112426.0,-1.05824,0.0952397
chr9,136428972,136428972,T,C,136433043.0,136433043.0,1.03339,0.099319
chr6,11318449,11318449,A,T,11318537.0,11318537.0,-1.09318,0.0996313
chr17,45273299,45273299,A,G,45273754.0,45273754.0,0.964829,0.0847339
chr1,211649028,211649028,T,C,211649373.0,211649373.0,0.94227,0.0873534
chr9,108861709,108861709,G,A,108858442.0,108858442.0,-0.8133,0.0754134
chr12,130717366,130717366,G,A,130716723.0,130716723.0,-1.04174,0.0939199
chr4,6265274,6265274,C,T,6269412.0,6269412.0,1.04776,0.09212
chr9,126554711,126554711,C,T,126554655.0,126554655.0,1.02898,0.0928929
chr10,60139575,60139575,A,T,60140138.0,60140138.0,-1.01147,0.092955
chr8,47261015,47261015,C,T,47261018.0,47261018.0,0.985062,0.0989079
chr3,38000691,38000691,T,G,38004054.0,38004054.0,0.923335,0.0901058
chr4,183326855,183326855,C,G,183326851.0,183326851.0,-0.857637,0.0786187
chr17,5383397,5383397,T,C,5387440.0,5387440.0,0.823601,0.0772211
chr6,108728358,108728358,T,C,108728356.0,108728356.0,0.979643,0.0958188
chr22,44129754,44129754,T,C,44130264.0,44130264.0,1.05208,0.0955405
chr22,23526769,23526769,A,G,23528385.0,23528385.0,0.898014,0.0827396
chr16,82180651,82180651,G,A,82183163.0,82183163.0,-0.836803,0.079449
chr3,57958091,57958091,T,A,57959924.0,57959924.0,-0.965581,0.0871118
chr20,63941711,63941711,T,C,63941724.0,63941724.0,0.927863,0.090812
chr19,55931601,55931601,T,C,55932458.0,55932458.0,1.03745,0.0905926
chr10,44355842,44355842,T,C,44357644.0,44357644.0,0.846606,0.0782556
chr6,166952906,166952906,T,C,166957603.0,166957603.0,-0.940592,0.08848
chr2,240888595,240888595,T,C,240896958.0,240896958.0,-1.0353,0.0978148
chr17,50506291,50506291,A,G,50507855.0,50507855.0,1.10336,0.0992319
chr11,1564047,1564047,C,T,1571357.0,1571357.0,-1.04776,0.0999142
chr2,216519580,216519580,C,T,216519556.0,216519556.0,-0.915909,0.0854538
chr10,788110,788110,T,A,789130.0,789130.0,-0.982538,0.0912561
chr19,7208099,7208099,C,G,7208163.0,7208163.0,0.923311,0.0918672
chr9,33599629,33599629,T,G,33602953.0,33602953.0,0.966919,0.092034
chr7,159005931,159005931,G,C,159005938.0,159005938.0,-0.924243,0.085188
chr17,7112392,7112392,C,T,7112288.0,7112288.0,0.981402,0.0973511
chr8,57798167,57798167,G,A,57804268.0,57804268.0,-0.957376,0.094182
chr13,27988764,27988764,G,A,27981250.0,27981250.0,0.961335,0.0940289
chr17,74545699,74545699,A,G,74545793.0,74545793.0,1.048,0.0958919
chr5,488826,488826,A,T,485979.0,485979.0,1.01025,0.093187
chr1,111191102,111191102,G,C,111191046.0,111191046.0,-0.804523,0.0772876
chr7,151085530,151085530,G,A,151085568.0,151085568.0,-0.918297,0.0859493
chr14,95189439,95189439,A,C,95191560.0,95191560.0,1.05665,0.0948824
chr15,41564345,41564345,A,G,41564322.0,41564322.0,0.887376,0.0813938
chr1,202203641,202203641,T,G,202203767.0,202203767.0,1.0663,0.09929
chr1,235503917,235503917,G,C,235504674.0,235504674.0,-0.996951,0.0958195
chr12,132301037,132301037,C,T,132301060.0,132301060.0,1.04174,0.098934
chr12,51214106,51214106,C,T,51219010.0,51219010.0,-0.867196,0.0850489
chr6,39731623,39731623,A,C,39731629.0,39731629.0,-1.06717,0.099034
chr19,35766415,35766415,A,G,35774798.0,35774798.0,0.909417,0.0904061
chr4,169293567,169293567,G,T,169293189.0,169293189.0,0.823274,0.0794806
chr11,88172133,88172133,C,T,88172127.0,88172127.0,-0.843656,0.0808889
chr8,125464631,125464631,T,C,125466901.0,125466901.0,0.894299,0.088272
chr19,3068366,3068366,G,A,3068436.0,3068436.0,1.06371,0.0981373
chr16,87743983,87743983,C,A,87744004.0,87744004.0,-0.988289,0.0912993
chr16,84919539,84919539,A,G,84919818.0,84919818.0,-0.99877,0.0904227
chr12,121845875,121845875,T,C,121843526.0,121843526.0,-0.924391,0.0924852
chr17,80938210,80938210,A,G,80938965.0,80938965.0,1.01412,0.0909035
chr3,146469334,146469334,C,G,146469322.0,146469322.0,0.964715,0.0928548
chr11,75564256,75564256,T,C,75564258.0,75564258.0,-0.94197,0.0946072
chr19,45771714,45771714,A,C,45771195.0,45771195.0,1.02566,0.0964963
chr6,33063326,33063326,A,G,33068718.0,33068718.0,0.956245,0.0887815
chr1,230302846,230302846,A,G,230303270.0,230303270.0,-1.0166,0.0982115
chr6,37541852,37541852,T,C,37543837.0,37543837.0,0.924765,0.086397
chr1,42981420,42981420,C,T,42984549.0,42984549.0,0.865916,0.0890981
chr7,32495590,32495590,C,G,32495553.0,32495553.0,1.05035,0.0997117
chr22,44129754,44129754,T,C,44133879.0,44133879.0,0.984941,0.0928087
chr10,96484907,96484907,G,A,96484936.0,96484936.0,0.987248,0.09713
chr16,3221222,3221222,C,T,3227901.0,3227901.0,-0.970178,0.0961155
chr12,132687239,132687239,G,A,132688139.0,132688139.0,-1.05427,0.0993436
chr1,202858063,202858063,G,A,202860817.0,202860817.0,-0.911995,0.0864448
chr8,94948283,94948283,T,C,94949856.0,94949856.0,-0.978672,0.0968148
chr16,84800743,84800743,C,G,84800682.0,84800682.0,1.02206,0.0929809
chr2,120681732,120681732,C,T,120678428.0,120678428.0,-1.0168,0.0970316
chr22,26543815,26543815,T,C,26545388.0,26545388.0,1.01647,0.0998898
chr2,10374880,10374880,T,C,10375868.0,10375868.0,-1.02323,0.0984701
chr5,172758553,172758553,C,T,172758198.0,172758198.0,-1.01949,0.095663
chr17,2363518,2363518,T,C,2363555.0,2363555.0,0.811122,0.0804097
chr3,126537035,126537035,C,G,126537845.0,126537845.0,-0.966366,0.0924147
chr8,20289504,20289504,C,A,20289389.0,20289389.0,-1.05169,0.0989291
chr13,39547038,39547038,T,C,39547009.0,39547009.0,-0.901213,0.0877069
chr19,44499990,44499990,T,C,44500228.0,44500228.0,1.01103,0.0963645
chr10,1056770,1056770,C,A,1056773.0,1056773.0,1.00579,0.0991013
chr19,36122012,36122012,G,A,36122009.0,36122009.0,-0.975573,0.0980201
chr9,137205772,137205772,A,G,137205769.0,137205769.0,0.85771,0.0864492
chr11,970503,970503,C,T,970664.0,970664.0,-0.967111,0.0944968
chr19,52858120,52858120,T,C,52858195.0,52858195.0,-0.995547,0.0932401
chr4,169202564,169202564,G,C,169210662.0,169210662.0,-0.97918,0.0975608
chr16,3669343,3669343,C,T,3673898.0,3673898.0,-0.925183,0.0891787
chr11,123308356,123308356,A,C,123308462.0,123308462.0,-0.736855,0.075928
chr1,205700194,205700194,C,A,205702792.0,205702792.0,0.904001,0.0870198
chr13,114112699,114112699,G,A,114112603.0,114112603.0,-0.679136,0.0668791
chr13,112606482,112606482,G,A,112606469.0,112606469.0,1.03368,0.0981257
chr17,49031593,49031593,A,G,49024638.0,49024638.0,-0.733043,0.0730781
chr22,49960271,49960271,G,A,49959709.0,49959709.0,0.907902,0.0869535
chr3,16877325,16877325,C,A,16883216.0,16883216.0,0.930839,0.0907258
chr2,10544404,10544404,G,C,10544119.0,10544119.0,-0.865564,0.0865635
chr1,53887777,53887777,C,T,53889897.0,53889897.0,0.903545,0.0890015
chr10,125155954,125155954,T,A,125162254.0,125162254.0,0.71988,0.0740116
chr20,31950857,31950857,C,G,31950879.0,31950879.0,0.791477,0.082264
chr3,186715050,186715050,G,T,186717271.0,186717271.0,0.925461,0.0936987
chr11,122152479,122152479,A,G,122152480.0,122152480.0,0.871223,0.0930828
chr13,50878899,50878899,A,G,50887280.0,50887280.0,0.958821,0.0970458
chr6,163750882,163750882,A,G,163750650.0,163750650.0,1.00063,0.0972241
chr11,76674044,76674044,C,G,76677101.0,76677101.0,-0.951112,0.0942134
chr7,157432842,157432842,C,T,157432873.0,157432873.0,-0.977866,0.0956528
chr4,2761339,2761339,G,A,2761336.0,2761336.0,0.978714,0.0989532
chr6,6678933,6678933,G,A,6678989.0,6678989.0,0.515474,0.0496901
chr11,75720841,75720841,T,G,75722039.0,75722039.0,0.828676,0.0830955
chr15,73928258,73928258,A,G,73931256.0,73931256.0,-0.860729,0.0856784
chr17,78389956,78389956,A,C,78392114.0,78392114.0,1.04804,0.0995658
chr13,52159499,52159499,C,G,52159493.0,52159493.0,0.936138,0.0990968
chr12,1500427,1500427,C,A,1500324.0,1500324.0,0.951545,0.0948667
chr3,196155494,196155494,G,T,196164420.0,196164420.0,0.684733,0.0663426
chr11,3831722,3831722,G,T,3831741.0,3831741.0,-0.728799,0.0730249
chr5,181121908,181121908,A,G,181122128.0,181122128.0,-0.94195,0.0949149
chr5,176887433,176887433,C,T,176888318.0,176888318.0,0.915214,0.0947968
chr19,15934939,15934939,G,A,15934898.0,15934898.0,0.961123,0.0966214
chr10,79283816,79283816,A,G,79284118.0,79284118.0,0.912119,0.0868267
chr19,53333602,53333602,G,A,53333584.0,53333584.0,0.961621,0.0915726
chr14,32374892,32374892,T,G,32372864.0,32372864.0,-0.920461,0.0900439
chr7,150957732,150957732,T,C,150961000.0,150961000.0,-0.868427,0.0854053
chr17,182788,182788,T,C,182475.0,182475.0,-0.928048,0.0937925
chr11,66952010,66952010,G,A,66952027.0,66952027.0,-0.91699,0.0992954
chr19,8363686,8363686,C,T,8363610.0,8363610.0,-1.01371,0.0972764
chr12,64621464,64621464,G,A,64621215.0,64621215.0,0.963924,0.0973179
chr1,9650501,9650501,G,A,9651273.0,9651273.0,-0.96671,0.0998637
chr15,25784046,25784046,T,C,25784126.0,25784126.0,-0.86906,0.08485
chr22,46551860,46551860,C,T,46547958.0,46547958.0,1.00298,0.0995975
chr12,117044681,117044681,T,C,117045148.0,117045148.0,0.66928,0.0647954
chr19,48892416,48892416,A,C,48896531.0,48896531.0,-0.954493,0.098901
chr11,970503,970503,C,T,970758.0,970758.0,-0.925271,0.0904227
chr11,65069898,65069898,C,T,65069844.0,65069844.0,0.94221,0.0952742
chr1,205504306,205504306,T,A,205504265.0,205504265.0,-0.88572,0.0898342
chr1,30773963,30773963,C,T,30775697.0,30775697.0,0.893011,0.0968998
chr1,30889377,30889377,T,C,30889395.0,30889395.0,0.908801,0.0929224
chr3,156160814,156160814,A,G,156160823.0,156160823.0,-0.998651,0.0995111
chr2,237591568,237591568,C,T,237591438.0,237591438.0,0.983064,0.0963401
chr11,76670916,76670916,G,A,76677367.0,76677367.0,-0.934019,0.0943302
chr13,21374849,21374849,C,T,21378007.0,21378007.0,0.89907,0.0911855
chr6,788009,788009,G,A,790268.0,790268.0,-0.865992,0.0886345
chr11,117828662,117828662,C,T,117828217.0,117828217.0,0.903831,0.0929992
chr11,10378358,10378358,C,G,10382652.0,10382652.0,0.965027,0.0959864
chr12,8058041,8058041,A,G,8058618.0,8058618.0,-0.841814,0.0824323
chr4,123485728,123485728,A,C,123489001.0,123489001.0,0.84724,0.0849965
chr18,63193013,63193013,T,C,63192670.0,63192670.0,0.664334,0.0699576
chr6,167403654,167403654,G,A,167407741.0,167407741.0,-0.933277,0.0955107
chr11,35063045,35063045,T,C,35066971.0,35066971.0,0.877134,0.0897005
chr5,96640907,96640907,C,T,96640927.0,96640927.0,-0.946378,0.0996269
chr12,1795925,1795925,G,A,1795930.0,1795930.0,-0.750331,0.0746598
chr3,46889988,46889988,A,T,46889891.0,46889891.0,-0.929973,0.0960491
chr15,100549096,100549096,C,G,100553629.0,100553629.0,-0.958968,0.0964014
chr11,64392473,64392473,C,T,64385561.0,64385561.0,0.809359,0.0861301
chr12,117070538,117070538,G,A,117070621.0,117070621.0,0.865142,0.0914585
chr16,2031502,2031502,A,G,2031445.0,2031445.0,0.854983,0.0882851
chr3,171753802,171753802,C,G,171753829.0,171753829.0,0.619488,0.0640763
chr8,37798665,37798665,C,T,37798728.0,37798728.0,0.912333,0.0984921
chr7,128041367,128041367,A,T,128041429.0,128041429.0,-0.780885,0.0798198
chr21,45555626,45555626,T,C,45555983.0,45555983.0,0.96868,0.0976012
chr6,26021585,26021585,A,T,26021551.0,26021551.0,0.931572,0.093462
chr19,18283951,18283951,A,G,18282056.0,18282056.0,-0.963156,0.0964275
chr7,2472209,2472209,T,G,2476560.0,2476560.0,0.930417,0.0954433
chr14,75437957,75437957,A,G,75437940.0,75437940.0,0.945882,0.0990642
chr22,42639787,42639787,G,C,42640728.0,42640728.0,-0.751689,0.0803408
chr12,123666149,123666149,A,C,123670904.0,123670904.0,-0.885439,0.0904319
chr6,33121662,33121662,T,C,33124018.0,33124018.0,-0.983741,0.0979539
chr6,19871925,19871925,A,C,19873664.0,19873664.0,0.889595,0.08839
chr16,4417532,4417532,C,T,4417553.0,4417553.0,-0.928066,0.0975661
chr7,124931050,124931050,A,G,124931062.0,124931062.0,-0.772794,0.0818622
chr10,114379792,114379792,T,G,114372157.0,114372157.0,0.937425,0.0991636
chr6,7584384,7584384,C,T,7589446.0,7589446.0,-0.955095,0.0994539
chr19,6253126,6253126,T,C,6261831.0,6261831.0,-0.965616,0.0946671
chr3,146469334,146469334,C,G,146469423.0,146469423.0,0.903583,0.0938749
chr5,177600109,177600109,C,T,177600140.0,177600140.0,0.628323,0.0656553
chr2,104576842,104576842,A,G,104582495.0,104582495.0,0.818824,0.0886964
chr2,20184576,20184576,G,A,20184735.0,20184735.0,-0.936379,0.0953449
chr2,42762870,42762870,C,A,42764419.0,42764419.0,0.755151,0.0781308
chr7,138959695,138959695,T,C,138963083.0,138963083.0,0.831646,0.089462
chr3,39817297,39817297,A,G,39809518.0,39809518.0,0.861592,0.0945632
chr6,31115133,31115133,C,G,31120657.0,31120657.0,0.861177,0.0816454
chr17,3471932,3471932,T,G,3471917.0,3471917.0,-0.833043,0.0898492
chr2,71122439,71122439,T,C,71130508.0,71130508.0,0.946297,0.0964497
chr3,184505666,184505666,A,G,184514014.0,184514014.0,0.847533,0.0900358
chr4,3389570,3389570,G,C,3389578.0,3389578.0,0.853926,0.0861943
chr2,158455064,158455064,C,G,158456207.0,158456207.0,0.800056,0.0835121
chr10,8083642,8083642,T,C,8083636.0,8083636.0,0.972034,0.0997471
chr1,206556265,206556265,G,A,206557367.0,206557367.0,0.891536,0.0971086
chr6,134641923,134641923,T,C,134641958.0,134641958.0,-0.928508,0.0990385
chr1,226349687,226349687,C,T,226349184.0,226349184.0,0.945802,0.0977226
chr8,111747798,111747798,T,A,111744790.0,111744790.0,-0.872985,0.0998666
chr7,33665976,33665976,T,C,33665924.0,33665924.0,0.806399,0.0891687
chr12,15571220,15571220,G,A,15576482.0,15576482.0,0.757547,0.0827844
chr8,26235885,26235885,C,T,26237077.0,26237077.0,0.876819,0.0922649
chr22,45268726,45268726,T,C,45268736.0,45268736.0,0.941112,0.0974555
chr2,208369612,208369612,C,T,208370547.0,208370547.0,-0.592342,0.0631643
chr8,101968825,101968825,C,T,101975502.0,101975502.0,-0.741886,0.0787803
chr16,85077297,85077297,C,G,85077343.0,85077343.0,0.857611,0.0919294
chr16,89118709,89118709,T,C,89118183.0,89118183.0,-0.966535,0.0980766
chr17,931270,931270,G,C,930570.0,930570.0,-0.931899,0.0960414
chr8,11089351,11089351,T,G,11090952.0,11090952.0,-0.937074,0.0965078
chr10,1240467,1240467,C,A,1240692.0,1240692.0,-0.622058,0.0657379
chr10,15426751,15426751,C,T,15426813.0,15426813.0,-0.977513,0.0993365
chr16,85234525,85234525,C,T,85234451.0,85234451.0,0.829959,0.0891019
chr19,1494454,1494454,T,C,1490415.0,1490415.0,0.960301,0.0992467
chr1,26356868,26356868,G,A,26356508.0,26356508.0,0.830026,0.0930721
chr16,56861122,56861122,G,T,56862696.0,56862696.0,0.925618,0.0970057
chr5,74682249,74682249,G,T,74685141.0,74685141.0,0.696549,0.0733495
chr13,111588715,111588715,G,A,111588730.0,111588730.0,-0.868094,0.0921312
chr11,128581765,128581765,C,T,128583166.0,128583166.0,0.869539,0.0941015
chr11,67562270,67562270,C,T,67562345.0,67562345.0,-0.858793,0.0938779
chr7,99968784,99968784,G,A,99968818.0,99968818.0,-0.830581,0.0944001
chr5,170781835,170781835,C,T,170782577.0,170782577.0,0.946361,0.0998373
chr11,35419448,35419448,G,T,35419465.0,35419465.0,0.830193,0.0899731
chr4,5026527,5026527,C,G,5033256.0,5033256.0,0.520836,0.0553848
chr5,5263765,5263765,G,T,5265396.0,5265396.0,-0.925686,0.0976205
chr6,33121662,33121662,T,C,33123857.0,33123857.0,-0.923744,0.0946126
chr12,8058041,8058041,A,G,8058795.0,8058795.0,-0.747438,0.0816262
chr20,48018366,48018366,C,A,48018980.0,48018980.0,0.805265,0.0877366
chr12,132765560,132765560,A,G,132766819.0,132766819.0,0.859208,0.0960211
chr1,175869218,175869218,T,C,175877241.0,175877241.0,0.83697,0.0932022
chr2,2793682,2793682,G,A,2793711.0,2793711.0,-0.824278,0.0892274
chr18,3029461,3029461,T,C,3029575.0,3029575.0,0.894847,0.0985545
chr2,234454623,234454623,T,C,234454748.0,234454748.0,-0.869961,0.0924063
chr7,922077,922077,G,C,921820.0,921820.0,0.861228,0.0897353
chr17,80921045,80921045,G,A,80922115.0,80922115.0,0.872694,0.0930992
chr10,69757581,69757581,A,C,69757607.0,69757607.0,0.791573,0.0842488
chr1,234660117,234660117,C,A,234660037.0,234660037.0,0.832184,0.091595
chr17,5380322,5380322,A,T,5387455.0,5387455.0,0.912322,0.0982849
chr11,60839790,60839790,G,A,60841941.0,60841941.0,0.805739,0.0891714
chr6,111580876,111580876,C,G,111581408.0,111581408.0,-0.860071,0.0960232
chr11,798865,798865,G,C,804452.0,804452.0,-0.880959,0.0946419
chr19,2323198,2323198,G,A,2327693.0,2327693.0,0.890478,0.0983
chr13,27988764,27988764,G,A,27980927.0,27980927.0,0.870994,0.0953694
chr9,76718550,76718550,C,G,76717602.0,76717602.0,0.858366,0.0934595
chr1,197902363,197902363,A,G,197902340.0,197902340.0,0.854908,0.0993975
chr1,19691603,19691603,G,A,19688534.0,19688534.0,-0.917296,0.0950815
chr13,75394649,75394649,C,T,75395353.0,75395353.0,-0.896031,0.0979391
chr19,634095,634095,A,G,633490.0,633490.0,0.896872,0.0991998
chr7,134317123,134317123,T,G,134317113.0,134317113.0,0.750946,0.0860929
chr10,3138151,3138151,A,G,3131412.0,3131412.0,-0.799175,0.0835472
chr17,49895044,49895044,C,T,49895038.0,49895038.0,-0.866263,0.0964654
chr12,122177244,122177244,C,T,122177298.0,122177298.0,0.904699,0.0999849
chr2,203689034,203689034,T,A,203688943.0,203688943.0,0.821883,0.094691
chr8,11524858,11524858,G,A,11524738.0,11524738.0,0.908933,0.0962773
chr10,5977285,5977285,C,T,5978424.0,5978424.0,0.577323,0.0653806
chr17,7711283,7711283,G,A,7711279.0,7711279.0,0.646853,0.0719755
chr7,96251217,96251217,C,T,96251201.0,96251201.0,-0.601551,0.0662407
chr2,24922304,24922304,T,A,24927182.0,24927182.0,0.86228,0.0988639
chr1,203520555,203520555,C,T,203520540.0,203520540.0,-0.825798,0.0904446
chr16,17384348,17384348,G,A,17385692.0,17385692.0,-0.882835,0.0980947
chr14,65075911,65075911,C,T,65079929.0,65079929.0,-0.648135,0.0726624
chr12,56928487,56928487,T,A,56928398.0,56928398.0,0.820124,0.0972288
chr1,221841555,221841555,A,G,221841146.0,221841146.0,-0.534805,0.0613011
chr6,44244951,44244951,T,C,44238090.0,44238090.0,0.700012,0.0788321
chr11,1688691,1688691,C,T,1682410.0,1682410.0,-0.823774,0.0935196
chr9,90799027,90799027,T,C,90800751.0,90800751.0,0.884343,0.0967847
chr11,68017592,68017592,C,T,68009029.0,68009029.0,-0.845313,0.0946428
chr7,140292754,140292754,C,T,140292743.0,140292743.0,-0.747739,0.0863996
chr18,13638963,13638963,G,A,13638937.0,13638937.0,0.880482,0.0989856
chr2,48760850,48760850,T,G,48768749.0,48768749.0,-0.850728,0.0943591
chr13,28745703,28745703,C,T,28751700.0,28751700.0,-0.824776,0.0916217
chr17,82675394,82675394,A,C,82675303.0,82675303.0,-0.858344,0.0984188
chr7,36642281,36642281,T,G,36642971.0,36642971.0,0.864655,0.0975892
chr11,95082710,95082710,T,G,95091028.0,95091028.0,-0.815748,0.0944171
chr12,124521166,124521166,C,G,124521164.0,124521164.0,-0.657991,0.0736014
chr1,26199333,26199333,A,G,26190381.0,26190381.0,0.816614,0.09657
chr6,14719479,14719479,T,C,14719497.0,14719497.0,-0.740385,0.0844148
chr8,6539465,6539465,G,T,6539503.0,6539503.0,-0.743755,0.0794377
chr13,98442749,98442749,C,T,98442729.0,98442729.0,-0.810326,0.0914439
chr1,203520555,203520555,C,T,203520597.0,203520597.0,-0.677131,0.0777711
chr16,3003465,3003465,G,C,3000102.0,3000102.0,0.63037,0.0704632
chr9,98057658,98057658,G,A,98057646.0,98057646.0,0.873565,0.0985702
chr1,157699488,157699488,C,T,157701087.0,157701087.0,-0.733216,0.0815513
chr2,238426679,238426679,A,G,238426732.0,238426732.0,0.837837,0.0943307
chr9,129029543,129029543,G,A,129029467.0,129029467.0,-0.79796,0.0934398
chr16,1473411,1473411,C,A,1475277.0,1475277.0,0.921226,0.0998332
chr15,52100639,52100639,G,C,52100275.0,52100275.0,0.613306,0.0726674
chr4,183349529,183349529,C,T,183348667.0,183348667.0,0.863296,0.0975639
chr13,112324392,112324392,G,C,112324389.0,112324389.0,0.848705,0.0976489
chr20,58951162,58951162,G,T,58956214.0,58956214.0,0.676885,0.0768791
chr1,22457000,22457000,G,T,22450815.0,22450815.0,-0.760242,0.086472
chr5,65105203,65105203,C,T,65105409.0,65105409.0,0.727757,0.0867478
chr11,117828662,117828662,C,T,117828196.0,117828196.0,0.665503,0.0749743
chr3,133746439,133746439,A,G,133746336.0,133746336.0,0.811762,0.0930449
chr22,42295683,42295683,A,G,42301262.0,42301262.0,0.563436,0.0663159
chr1,11664881,11664881,A,C,11664886.0,11664886.0,0.819095,0.0989481
chr11,117585749,117585749,T,C,117583428.0,117583428.0,-0.78625,0.0929554
chr17,5580617,5580617,G,T,5586405.0,5586405.0,0.729935,0.0828459
chr14,23119654,23119654,T,A,23119857.0,23119857.0,0.782,0.0915191
chr4,76803331,76803331,G,A,76803337.0,76803337.0,0.811284,0.0933507
chr18,79792696,79792696,A,G,79792568.0,79792568.0,0.73473,0.0854881
chr6,3947750,3947750,G,A,3947738.0,3947738.0,-0.838973,0.0969801
chr9,89613644,89613644,T,G,89605032.0,89605032.0,0.841845,0.0991739
chr1,221845336,221845336,C,T,221837911.0,221837911.0,0.711244,0.0873296
chr2,235045518,235045518,A,G,235045212.0,235045212.0,0.625721,0.0727919
chr20,33230898,33230898,G,A,33235739.0,33235739.0,0.676949,0.0805092
chr2,240819820,240819820,C,A,240820747.0,240820747.0,0.6986,0.0844844
chr1,206619837,206619837,G,A,206612647.0,206612647.0,0.823458,0.0994792
chr3,171442219,171442219,A,T,171442198.0,171442198.0,-0.715563,0.0845974
chr16,4882559,4882559,T,G,4882619.0,4882619.0,0.787126,0.0922529
chr17,63478937,63478937,C,G,63471612.0,63471612.0,0.606133,0.0781531
chr13,113416999,113416999,C,T,113416987.0,113416987.0,-0.694259,0.0841701
chr7,67650150,67650150,A,G,67648340.0,67648340.0,0.828854,0.0964955
chr10,11355753,11355753,C,A,11355827.0,11355827.0,0.620038,0.0702401
chr14,39219093,39219093,G,C,39219192.0,39219192.0,-0.834068,0.0984683
chr20,8393438,8393438,G,A,8393561.0,8393561.0,-0.859548,0.099324
chr7,5393534,5393534,G,C,5393655.0,5393655.0,0.534235,0.060433
chr14,77066880,77066880,G,C,77066714.0,77066714.0,0.805958,0.0952758
chr17,74469596,74469596,G,A,74466845.0,74466845.0,0.794331,0.0958069
chr14,85601726,85601726,C,A,85607812.0,85607812.0,0.68637,0.0808116
chr3,123121029,123121029,G,A,123113718.0,123113718.0,0.735176,0.0907844
chr8,19560096,19560096,T,C,19551512.0,19551512.0,0.753418,0.0873919
chr3,194675200,194675200,C,T,194682505.0,194682505.0,0.818945,0.0920519
chr22,49960271,49960271,G,A,49959949.0,49959949.0,0.836523,0.0956964
chr13,23312128,23312128,C,G,23319416.0,23319416.0,0.764656,0.0907459
chr17,77281348,77281348,C,G,77281353.0,77281353.0,0.821559,0.0982613
chr1,109827118,109827118,A,C,109827081.0,109827081.0,-0.780211,0.093704
chr1,206472968,206472968,C,T,206473141.0,206473141.0,0.648127,0.0778218
chr5,179522559,179522559,A,G,179523794.0,179523794.0,0.807192,0.0987296
chr12,132636151,132636151,C,T,132636190.0,132636190.0,0.741564,0.0873104
chr1,221841555,221841555,A,G,221841136.0,221841136.0,-0.528673,0.0642384
chr6,7584384,7584384,C,T,7589452.0,7589452.0,-0.816162,0.0965546
chr21,42981014,42981014,C,T,42981439.0,42981439.0,0.774094,0.0933644
chr19,34218358,34218358,C,T,34220718.0,34220718.0,0.754341,0.0904331
chr11,74943209,74943209,A,G,74949213.0,74949213.0,0.770617,0.0944366
chr12,6390939,6390939,T,G,6383654.0,6383654.0,0.669252,0.0843875
chr8,138831803,138831803,T,C,138835662.0,138835662.0,-0.672544,0.0813458
chr14,103155078,103155078,G,A,103155722.0,103155722.0,0.828992,0.098958
chr3,142939188,142939188,C,G,142944656.0,142944656.0,-0.762719,0.0926152
chr21,29158371,29158371,T,G,29155692.0,29155692.0,0.789136,0.098449
chr14,104588597,104588597,A,G,104580742.0,104580742.0,-0.76998,0.0943489
chr20,36646270,36646270,A,G,36645878.0,36645878.0,0.758867,0.098358
chr5,172228917,172228917,G,T,172235231.0,172235231.0,0.641073,0.0808323
chr17,62701571,62701571,G,A,62701520.0,62701520.0,0.720262,0.092978
chr12,125141024,125141024,A,G,125142096.0,125142096.0,-0.732083,0.0904598
chr11,64284975,64284975,C,T,64285657.0,64285657.0,0.63604,0.0799556
chr5,151141873,151141873,T,C,151141831.0,151141831.0,-0.710659,0.0851399
chr10,17213096,17213096,G,A,17213347.0,17213347.0,-0.688675,0.0848801
chr1,24466127,24466127,T,A,24470843.0,24470843.0,-0.581704,0.0720464
chr11,44289987,44289987,C,A,44290480.0,44290480.0,0.76229,0.0914647
chr11,838634,838634,C,G,835377.0,835377.0,0.755239,0.0957773
chr19,36121324,36121324,C,T,36121469.0,36121469.0,-0.754277,0.0947893
chr10,789115,789115,A,G,788563.0,788563.0,-0.726296,0.0898129
chr17,50201146,50201146,C,T,50198558.0,50198558.0,0.788233,0.0985321
chr2,39494324,39494324,T,C,39494868.0,39494868.0,0.762946,0.0981135
chr2,66446730,66446730,A,C,66446853.0,66446853.0,-0.555552,0.0714835
chr17,39670910,39670910,A,G,39677637.0,39677637.0,-0.661686,0.0878339
chr19,7700658,7700658,G,T,7699663.0,7699663.0,0.773141,0.0923027
chr11,128551031,128551031,C,A,128550968.0,128550968.0,-0.776196,0.0982231
chr5,181100742,181100742,C,T,181100369.0,181100369.0,-0.744792,0.097234
chr15,93073704,93073704,C,G,93073714.0,93073714.0,-0.763929,0.0921601
chr11,65612653,65612653,C,T,65612655.0,65612655.0,0.75171,0.0991766
chr16,2425020,2425020,T,C,2420640.0,2420640.0,-0.717375,0.0937645
chr6,109771697,109771697,C,A,109771715.0,109771715.0,0.703823,0.0942612
chr4,184944654,184944654,A,G,184950355.0,184950355.0,0.645948,0.0816913
chr19,1100977,1100977,T,C,1102676.0,1102676.0,0.744401,0.0946209
chr3,193781127,193781127,G,T,193781180.0,193781180.0,0.749019,0.0957497
chr19,36122023,36122023,G,A,36121839.0,36121839.0,-0.721656,0.0984063
chr2,102105942,102105942,C,T,102104216.0,102104216.0,0.744855,0.0929742
chr1,155093940,155093940,G,A,155094843.0,155094843.0,-0.75592,0.0978265
chr8,27383565,27383565,G,A,27390138.0,27390138.0,-0.575195,0.0763543
chr16,23939785,23939785,A,G,23945951.0,23945951.0,0.665553,0.0861635
chr10,48492679,48492679,G,A,48493707.0,48493707.0,-0.56795,0.0757606
chr3,13067322,13067322,A,G,13066164.0,13066164.0,-0.70553,0.0889401
chr7,151017725,151017725,G,A,151017722.0,151017722.0,0.684384,0.0865641
chr20,20082346,20082346,T,C,20086000.0,20086000.0,-0.74868,0.0952159
chr2,10786912,10786912,C,T,10790785.0,10790785.0,0.771548,0.0975777
chr10,52778653,52778653,G,T,52778922.0,52778922.0,0.748647,0.0959514
chr19,7949404,7949404,T,C,7955973.0,7955973.0,-0.676709,0.0865819
chr3,172032051,172032051,C,A,172036221.0,172036221.0,0.69076,0.0903845
chr2,240965081,240965081,G,C,240960691.0,240960691.0,0.612536,0.0790823
chr16,89615942,89615942,A,G,89613661.0,89613661.0,0.768586,0.0953063
chr12,4859962,4859962,T,C,4860024.0,4860024.0,0.787366,0.0990174
chr1,65420715,65420715,T,C,65420733.0,65420733.0,0.755594,0.099786
chr5,122073485,122073485,G,C,122078730.0,122078730.0,0.617708,0.0811531
chr18,48858041,48858041,A,C,48858933.0,48858933.0,-0.702269,0.0909757
chr1,5976299,5976299,G,A,5975411.0,5975411.0,-0.697336,0.0917899
chr22,49169568,49169568,G,T,49169573.0,49169573.0,-0.719683,0.0895909
chr1,234512520,234512520,T,C,234512677.0,234512677.0,-0.62235,0.080804
chr4,181796830,181796830,G,T,181796769.0,181796769.0,0.745999,0.095491
chr3,107270985,107270985,G,A,107272050.0,107272050.0,0.721476,0.0970973
chr17,81276197,81276197,C,T,81272749.0,81272749.0,0.666307,0.0870037
chr1,89560689,89560689,A,G,89557221.0,89557221.0,-0.647014,0.0883837
chr8,22191277,22191277,T,G,22191333.0,22191333.0,0.598308,0.0777788
chr17,80938210,80938210,A,G,80937874.0,80937874.0,0.730414,0.0949338
chr5,31823663,31823663,A,G,31823880.0,31823880.0,-0.631756,0.0834751
chr12,21946171,21946171,C,T,21946186.0,21946186.0,0.660933,0.0890761
chr18,9708084,9708084,T,C,9708099.0,9708099.0,0.690387,0.0918666
chr15,80159733,80159733,T,C,80159963.0,80159963.0,0.73558,0.095639
chr17,36482702,36482702,C,G,36482745.0,36482745.0,0.620941,0.0804063
chr1,47404892,47404892,G,C,47405840.0,47405840.0,-0.697388,0.095469
chr15,77846594,77846594,C,T,77840110.0,77840110.0,0.682757,0.0919655
chr10,50401013,50401013,A,T,50401077.0,50401077.0,0.687692,0.0952658
chr2,42794196,42794196,T,A,42796805.0,42796805.0,0.710769,0.0921328
chr11,76163993,76163993,C,T,76163978.0,76163978.0,-0.519534,0.0723348
chr8,133358366,133358366,C,T,133357077.0,133357077.0,-0.521067,0.0696075
chr19,18589180,18589180,T,C,18588015.0,18588015.0,0.596656,0.0818365
chr8,2023053,2023053,G,A,2023059.0,2023059.0,-0.718207,0.0925067
chr15,73871690,73871690,A,T,73872107.0,73872107.0,-0.553895,0.0768672
chr2,202084380,202084380,T,G,202084460.0,202084460.0,0.735446,0.0992091
chr16,11312946,11312946,C,T,11310055.0,11310055.0,-0.562625,0.0726697
chr15,63927316,63927316,C,T,63927305.0,63927305.0,-0.676105,0.0963411
chr7,2253874,2253874,G,A,2249108.0,2249108.0,0.566694,0.0784472
chr20,58821440,58821440,T,C,58819042.0,58819042.0,-0.649393,0.091588
chr5,170563595,170563595,T,G,170572005.0,170572005.0,0.675947,0.0927783
chr1,108118362,108118362,A,T,108118608.0,108118608.0,0.58782,0.0844194
chr3,71466275,71466275,G,C,71466697.0,71466697.0,0.603709,0.0820209
chr2,9251836,9251836,T,C,9251767.0,9251767.0,-0.579165,0.0787482
chr14,20435747,20435747,C,T,20435754.0,20435754.0,0.599342,0.0790658
chr3,13076370,13076370,A,G,13070371.0,13070371.0,-0.69511,0.0967967
chr16,88745842,88745842,T,C,88744585.0,88744585.0,0.749856,0.0991879
chr16,84198528,84198528,C,A,84198826.0,84198826.0,0.72853,0.096498
chr7,2730287,2730287,G,A,2730047.0,2730047.0,0.730075,0.0984356
chr12,109839109,109839109,C,T,109833520.0,109833520.0,0.626856,0.088389
chr1,55009265,55009265,G,A,55010468.0,55010468.0,0.622784,0.0851974
chr7,2851140,2851140,C,T,2851739.0,2851739.0,0.733833,0.0994805
chr3,183906222,183906222,G,A,183906198.0,183906198.0,0.608772,0.0861554
chr5,134079225,134079225,T,C,134071295.0,134071295.0,0.665616,0.0909454
chr2,239536171,239536171,T,G,239535237.0,239535237.0,0.633228,0.0867931
chr16,69928578,69928578,C,T,69933160.0,69933160.0,-0.590786,0.0867546
chr19,38756336,38756336,G,A,38759729.0,38759729.0,0.603315,0.085648
chr13,50818449,50818449,A,G,50813356.0,50813356.0,-0.691759,0.0949628
chr14,103309072,103309072,C,G,103309200.0,103309200.0,-0.679684,0.0946625
chr1,115977336,115977336,C,T,115977002.0,115977002.0,-0.613587,0.0869394
chr11,81873212,81873212,T,G,81874866.0,81874866.0,0.659386,0.0931692
chr10,13298339,13298339,G,A,13299332.0,13299332.0,0.651155,0.0883008
chr9,124466651,124466651,A,G,124468455.0,124468455.0,0.605266,0.0847779
chr3,171791957,171791957,A,G,171792032.0,171792032.0,-0.635695,0.0904702
chr6,39300960,39300960,C,T,39300909.0,39300909.0,-0.688188,0.0993711
chr7,55577152,55577152,C,A,55573967.0,55573967.0,-0.694629,0.0999571
chr7,100397190,100397190,A,G,100393900.0,100393900.0,0.610968,0.0887807
chr5,135454639,135454639,G,A,135450579.0,135450579.0,0.656509,0.0944474
chr16,84937817,84937817,G,A,84937811.0,84937811.0,0.717272,0.0974149
chr6,44235582,44235582,G,A,44234962.0,44234962.0,0.661344,0.0927597
chr9,136101346,136101346,C,G,136101321.0,136101321.0,0.613667,0.08715
chr3,194040718,194040718,C,A,194040637.0,194040637.0,0.661157,0.0918689
chr2,240965081,240965081,G,C,240960682.0,240960682.0,0.610167,0.0866191
chr3,141935843,141935843,T,C,141940580.0,141940580.0,0.629761,0.0926947
chr7,3148522,3148522,C,T,3150485.0,3150485.0,0.614016,0.088504
chr9,122189556,122189556,T,C,122191152.0,122191152.0,0.642908,0.0905562
chr2,39266180,39266180,T,C,39266229.0,39266229.0,-0.661685,0.0943932
chr3,40230206,40230206,T,G,40230257.0,40230257.0,-0.606067,0.0900949
chr2,10529611,10529611,C,T,10530539.0,10530539.0,0.679244,0.0958451
chr17,41636242,41636242,G,C,41635444.0,41635444.0,0.61424,0.0914027
chr16,4211063,4211063,A,G,4213355.0,4213355.0,0.636711,0.0913589
chr17,80321945,80321945,C,T,80327823.0,80327823.0,-0.548059,0.0780728
chr5,132369766,132369766,C,G,132369343.0,132369343.0,-0.619679,0.0908667
chr17,6523759,6523759,C,T,6524004.0,6524004.0,0.575622,0.0822126
chr1,48205846,48205846,G,C,48205879.0,48205879.0,0.669983,0.0990358
chr3,41302363,41302363,T,G,41304780.0,41304780.0,0.501928,0.0767995
chr20,279880,279880,G,C,281498.0,281498.0,0.582629,0.0833246
chr17,39967950,39967950,T,C,39974583.0,39974583.0,-0.611664,0.0926235
chr16,87202725,87202725,A,G,87196759.0,87196759.0,-0.555515,0.0770935
chr19,3062859,3062859,T,C,3063288.0,3063288.0,0.641301,0.0917465
chr5,163911249,163911249,A,T,163913791.0,163913791.0,0.595445,0.0887784
chr3,195885163,195885163,T,C,195892691.0,195892691.0,0.618864,0.0880582
chr7,151861912,151861912,A,G,151864009.0,151864009.0,-0.588239,0.0892604
chr8,133539388,133539388,G,C,133540315.0,133540315.0,0.537332,0.0760399
chr14,89420596,89420596,T,C,89420597.0,89420597.0,-0.651853,0.0936641
chr16,3641654,3641654,G,C,3641655.0,3641655.0,-0.667496,0.0995352
chr13,112634112,112634112,T,C,112642100.0,112642100.0,0.65465,0.0964101
chr20,50506896,50506896,G,A,50498236.0,50498236.0,0.633053,0.0975413
chr7,137965298,137965298,C,A,137962123.0,137962123.0,0.514207,0.0766568
chr19,836055,836055,T,C,843995.0,843995.0,0.571038,0.0844236
chr5,151141873,151141873,T,C,151141778.0,151141778.0,-0.640672,0.0938127
chr7,55591571,55591571,T,C,55591548.0,55591548.0,0.50528,0.0745618
chr16,1055294,1055294,G,A,1052878.0,1052878.0,0.652458,0.0960186
chr16,1955997,1955997,G,A,1964408.0,1964408.0,0.616658,0.0933634
chr7,67985,67985,T,A,68014.0,68014.0,-0.611734,0.0892571
chr6,135210662,135210662,T,C,135215466.0,135215466.0,-0.587505,0.0914863
chr14,72663753,72663753,G,C,72670534.0,72670534.0,-0.648784,0.0955172
chr2,43351280,43351280,C,T,43351309.0,43351309.0,0.606055,0.0898826
chr10,78462654,78462654,C,A,78462522.0,78462522.0,0.548358,0.0808588
chr12,124593021,124593021,C,T,124592225.0,124592225.0,0.656497,0.0959507
chr7,2253874,2253874,G,A,2249081.0,2249081.0,0.569645,0.0834536
chr12,104641961,104641961,T,C,104644180.0,104644180.0,0.587431,0.0888666
chr5,1104823,1104823,C,T,1103795.0,1103795.0,0.621181,0.0924796
chr21,42089589,42089589,C,T,42089412.0,42089412.0,0.635069,0.0922581
chr1,226078328,226078328,A,G,226084098.0,226084098.0,0.577227,0.0887739
chr8,1949561,1949561,G,A,1952358.0,1952358.0,0.684341,0.0999665
chr12,152658,152658,A,G,152816.0,152816.0,-0.58809,0.0877298
chr2,177171658,177171658,A,G,177171556.0,177171556.0,-0.617177,0.0947309
chr7,100509876,100509876,A,G,100516453.0,100516453.0,-0.561443,0.0903612
chr20,5689748,5689748,C,T,5689571.0,5689571.0,0.562178,0.0851531
chr11,69444462,69444462,T,C,69444479.0,69444479.0,0.565094,0.0861109
chr5,181962,181962,T,A,185474.0,185474.0,-0.626673,0.0981506
chr1,40638992,40638992,G,A,40646455.0,40646455.0,0.599821,0.093323
chr4,138911375,138911375,C,T,138917004.0,138917004.0,0.517873,0.081862
chr2,241457251,241457251,T,C,241457180.0,241457180.0,-0.579477,0.089466
chr17,4515256,4515256,G,A,4515613.0,4515613.0,0.589076,0.0888098
chr16,85271273,85271273,G,C,85268196.0,85268196.0,0.621564,0.0910974
chr16,88789676,88789676,C,G,88793536.0,88793536.0,0.501233,0.0765115
chr11,114086475,114086475,G,A,114087984.0,114087984.0,-0.623373,0.0953393
chr5,178075562,178075562,G,C,178078450.0,178078450.0,0.602905,0.0899395
chr6,90602651,90602651,T,C,90610363.0,90610363.0,-0.581247,0.0916931
chr22,17228881,17228881,T,C,17220657.0,17220657.0,0.50814,0.075607
chr7,155713642,155713642,G,A,155713662.0,155713662.0,0.635239,0.094073
chr3,14222403,14222403,C,G,14224770.0,14224770.0,0.565736,0.0863415
chr12,6536399,6536399,T,C,6536405.0,6536405.0,0.534019,0.0817809
chr15,85010550,85010550,A,G,85010589.0,85010589.0,-0.650545,0.0998386
chr11,68017592,68017592,C,T,68009034.0,68009034.0,-0.572382,0.0906358
chr4,16033981,16033981,A,T,16034500.0,16034500.0,0.627341,0.0989552
chr19,3369574,3369574,T,G,3369480.0,3369480.0,-0.622532,0.0953663
chr4,37948234,37948234,T,C,37952105.0,37952105.0,0.609303,0.0928782
chr11,835719,835719,A,G,835074.0,835074.0,-0.511248,0.0779795
chr16,10882575,10882575,T,C,10888747.0,10888747.0,0.523962,0.0809016
chr11,69443306,69443306,A,G,69442968.0,69442968.0,0.579573,0.0875256
chr8,133503520,133503520,C,T,133503660.0,133503660.0,-0.617252,0.094312
chr4,89836121,89836121,G,A,89837318.0,89837318.0,0.626362,0.0988882
chr17,81058368,81058368,G,A,81056996.0,81056996.0,0.599415,0.0925777
chr2,101119527,101119527,G,C,101113843.0,101113843.0,-0.604765,0.095425
chr14,51854386,51854386,C,A,51862439.0,51862439.0,-0.6095,0.0942456
chr1,112996865,112996865,A,G,112994442.0,112994442.0,0.561806,0.0943657
chr7,144405530,144405530,T,C,144405535.0,144405535.0,0.543043,0.0884338
chr6,42951484,42951484,T,C,42960406.0,42960406.0,-0.538186,0.0900903
chr18,3017154,3017154,G,A,3017138.0,3017138.0,0.537314,0.0813653
chr15,77798569,77798569,G,A,77804847.0,77804847.0,-0.540056,0.0847873
chr10,1240467,1240467,C,A,1240695.0,1240695.0,-0.582188,0.0885439
chr11,119628303,119628303,C,A,119628333.0,119628333.0,-0.592018,0.0919886
chr20,57602010,57602010,C,T,57601995.0,57601995.0,-0.615446,0.0957346
chr11,11566626,11566626,A,G,11568185.0,11568185.0,0.509424,0.0783197
chr8,143220009,143220009,C,T,143219724.0,143219724.0,0.543229,0.0854144
chr20,33817411,33817411,A,G,33810217.0,33810217.0,0.583844,0.0990468
chr3,14782523,14782523,T,C,14788951.0,14788951.0,0.627457,0.0996541
chr12,24911665,24911665,G,A,24911626.0,24911626.0,0.591277,0.0951946
chr1,229026953,229026953,G,A,229025979.0,229025979.0,0.641548,0.0999876
chr3,29758222,29758222,A,G,29758723.0,29758723.0,-0.599996,0.0973907
chr2,65634521,65634521,T,C,65634528.0,65634528.0,0.503579,0.0830365
chr11,803017,803017,A,G,802938.0,802938.0,0.534247,0.0847218
chr2,15864752,15864752,T,C,15864792.0,15864792.0,0.607481,0.0998068
chr11,116813844,116813844,C,T,116814794.0,116814794.0,-0.579432,0.0929815
chr6,37616323,37616323,T,C,37616115.0,37616115.0,0.50962,0.0839207
chr16,88474762,88474762,T,C,88477039.0,88477039.0,0.623442,0.0987724
chr2,172294132,172294132,T,C,172294334.0,172294334.0,-0.604898,0.0973242
chr6,113864552,113864552,A,T,113870739.0,113870739.0,0.567143,0.0967135
chr16,22937258,22937258,C,T,22937264.0,22937264.0,-0.584306,0.0987412
chr6,157545140,157545140,A,C,157548949.0,157548949.0,-0.555462,0.0924156
chr1,161725591,161725591,G,C,161729031.0,161729031.0,0.513826,0.0874935
chr12,12735504,12735504,T,A,12737021.0,12737021.0,0.540435,0.0901791
chr10,1412608,1412608,C,T,1411623.0,1411623.0,-0.586695,0.0940787
chr13,46663817,46663817,G,A,46659586.0,46659586.0,0.560136,0.0932955
chr19,56477588,56477588,G,T,56477566.0,56477566.0,-0.602582,0.0973698
chr16,88775709,88775709,G,A,88778007.0,88778007.0,-0.566412,0.0923664
chr4,183413537,183413537,T,G,183408845.0,183408845.0,0.531485,0.0891014
chr10,92395603,92395603,G,A,92395586.0,92395586.0,-0.513238,0.0913849
chr17,79142930,79142930,C,T,79146297.0,79146297.0,0.585962,0.0958878
chr1,201378818,201378818,C,T,201384721.0,201384721.0,-0.572127,0.0971478
chr19,3369574,3369574,T,G,3369716.0,3369716.0,-0.558414,0.0925934
chr1,206612651,206612651,T,A,206612642.0,206612642.0,0.500976,0.0886365
chr6,108246371,108246371,C,G,108251475.0,108251475.0,-0.539215,0.0933583
chr12,69331129,69331129,T,A,69330162.0,69330162.0,0.511138,0.0869512
chr2,3471628,3471628,T,A,3467300.0,3467300.0,-0.52114,0.088159
chr1,165630412,165630412,C,T,165630366.0,165630366.0,0.569216,0.095684
chr6,5291278,5291278,G,A,5282469.0,5282469.0,0.519705,0.0888732
chr6,109238467,109238467,A,G,109235870.0,109235870.0,0.513187,0.0906865
chr6,166254036,166254036,G,T,166259879.0,166259879.0,-0.550413,0.0925301
chr2,39615000,39615000,G,C,39620509.0,39620509.0,0.509552,0.0894405
chr12,128805712,128805712,G,A,128810394.0,128810394.0,0.549549,0.0904304
chr22,39091590,39091590,T,C,39091545.0,39091545.0,0.553718,0.0976994
chr13,24279507,24279507,C,G,24280879.0,24280879.0,0.56714,0.0967816
chr7,151822174,151822174,A,C,151821787.0,151821787.0,-0.534105,0.0922555
chr6,3738959,3738959,T,C,3738965.0,3738965.0,-0.520781,0.0908849
chr10,13117197,13117197,T,C,13118071.0,13118071.0,0.542139,0.0925943
chr7,151631132,151631132,G,A,151631030.0,151631030.0,0.555383,0.0939997
chr8,69924995,69924995,G,A,69932798.0,69932798.0,0.561248,0.0975747
chr6,132709398,132709398,G,A,132714240.0,132714240.0,-0.548221,0.0982624
chr11,69444462,69444462,T,C,69444497.0,69444497.0,0.541071,0.0919696
chr7,37205484,37205484,C,G,37208636.0,37208636.0,0.535656,0.0929726
chr22,49300909,49300909,G,C,49301640.0,49301640.0,-0.559937,0.0956318
chr8,1266249,1266249,C,T,1259542.0,1259542.0,-0.522109,0.0883779
chr2,26175466,26175466,A,C,26179297.0,26179297.0,-0.508148,0.091645
chr11,64341067,64341067,C,T,64341078.0,64341078.0,-0.502185,0.0919449
chr22,45231808,45231808,T,C,45235594.0,45235594.0,0.561756,0.093632
chr9,134822181,134822181,T,C,134821608.0,134821608.0,0.538948,0.0915208
